,location,age,gender,decisions,meaningful,personal_identity,Feeling_good,knowledge,expensive, not_available,uncertainty,preference,intention,purchased
0,North America,22-39,Male,1,1,1,0,0,4,2,4,0,0,1
1,North America,22-39,Female,3,2,3,3,1,1,1,2,1,1,1
2,North America,52-70,Female,3,2,1,1,2,3,2,2,3,2,1
3,North America,22-39,Female,3,4,3,2,0,2,2,2,2,2,1
4,North America,22-39,Female,1,4,2,4,0,4,4,4,3,0,1
5,North America,Under 22,Female,3,4,3,4,2,3,1,2,2,1,2
6,North America,22-39,Female,3,4,3,1,1,3,1,2,2,2,2
7,North America,22-39,Female,1,1,1,0,1,4,3,4,0,0,1
8,North America,22-39,Female,2,4,2,2,0,0,0,0,3,1,2
9,North America,22-39,Female,1,2,2,2,1,2,1,2,2,1,2
10,Asia,22-39,Female,4,4,4,4,4,4,4,4,3,4,2
11,South America,22-39,Male,2,3,3,4,3,4,2,3,2,3,2
12,North America,22-39,Female,4,4,4,4,2,2,2,3,3,2,1
13,South America,22-39,Female,3,3,2,4,1,2,3,2,3,1,1
14,North America,Under 22,Female,3,3,3,1,3,4,0,4,0,0,2
15,Asia,Under 22,Female,2,3,2,2,1,2,1,2,1,2,1
16,North America,39-52,Female,1,2,0,0,0,2,1,2,1,0,1
17,North America,22-39,Female,4,3,4,3,3,4,4,4,4,3,2
18,North America,22-39,Female,3,3,3,2,2,3,0,4,4,4,2
19,North America,22-39,Female,3,4,3,3,1,3,4,3,3,0,1
20,North America,22-39,Female,1,1,1,0,0,4,3,2,2,0,2
21,Asia,22-39,Female,4,3,3,3,3,4,3,3,3,3,2
22,Asia,22-39,Female,4,3,3,4,2,2,2,2,3,3,2
23,North America,22-39,Female,3,3,3,3,1,3,1,3,3,2,1
24,North America,Under 22,Female,3,4,3,3,1,3,2,3,2,1,1
25,North America,Under 22,Female,3,2,3,2,1,3,1,3,2,2,1
26,Asia,22-39,Female,4,4,4,4,2,2,1,1,3,3,1
27,Asia,22-39,Female,4,3,2,3,2,3,2,1,2,2,2
28,North America,39-52,Female,3,3,3,3,2,3,1,2,3,2,1
29,North America,22-39,Female,3,3,3,2,0,2,2,2,3,3,1
30,North America,22-39,Female,3,3,3,3,2,2,1,2,2,2,2
31,North America,Under 22,Female,4,3,3,4,4,3,1,0,4,3,2
32,North America,22-39,Female,1,3,2,0,0,2,2,4,2,0,1
33,North America,39-52,Female,4,4,4,4,3,2,0,0,4,4,2
34,Asia,22-39,Female,2,3,3,3,3,3,3,3,2,3,2
35,South America,Under 22,Female,3,3,2,2,1,4,3,2,3,2,2
36,North America,Under 22,Female,1,1,1,1,0,2,2,3,2,2,1
37,Asia,Under 22,Female,3,3,2,3,3,3,3,1,3,3,2
38,Asia,22-39,Female,4,3,2,1,2,4,0,1,3,2,1
39,Asia,22-39,Female,4,4,4,4,3,3,1,2,4,4,2
40,North America,22-39,Female,3,3,3,2,0,3,2,2,2,1,0
41,North America,Under 22,Female,3,3,3,2,1,2,2,4,3,2,2
42,Asia,22-39,Female,2,1,3,3,3,2,1,2,3,3,2
43,North America,22-39,Female,4,4,4,4,2,2,0,3,3,2,1
44,North America,Under 22,Female,2,2,2,2,1,2,2,2,2,2,1
45,North America,Under 22,Female,3,3,3,2,2,3,1,3,3,2,2
46,North America,22-39,Female,4,4,4,4,2,3,1,2,3,3,2
47,Asia,22-39,Female,3,2,2,4,2,3,3,3,3,2,2
48,North America,22-39,Female,2,3,3,2,1,2,3,2,3,2,1
49,Asia,22-39,Female,3,4,3,2,2,1,2,1,2,0,1
50,North America,22-39,Female,4,3,4,4,3,3,3,3,1,0,0
51,North America,22-39,Female,3,3,4,3,0,2,2,2,0,0,1
52,Asia,22-39,Female,4,2,1,1,4,3,2,3,4,2,2
53,Asia,Under 22,Female,3,3,4,4,3,1,3,2,3,1,1
54,North America,22-39,Female,1,2,1,0,1,2,1,2,2,0,1
55,North America,Under 22,Female,4,2,1,4,2,3,3,2,3,4,1
56,Asia,22-39,Female,3,1,2,3,4,2,3,2,1,2,2
57,North America,22-39,Female,1,3,1,4,4,3,2,3,3,3,2
58,North America,Under 22,Female,3,3,3,3,1,2,1,3,3,3,2
59,Asia,22-39,Female,2,2,2,2,3,4,3,3,2,3,2
60,North America,22-39,Female,3,3,2,1,2,2,1,1,3,3,2
61,Asia,Under 22,Female,3,3,3,3,0,2,2,3,3,0,1
62,North America,22-39,Female,1,2,3,3,0,3,4,3,1,0,0
63,Asia,Under 22,Female,4,2,3,4,1,3,1,4,0,3,2
64,Asia,39-52,Female,3,3,3,3,2,2,2,3,3,3,2
65,North America,Under 22,Female,4,4,4,1,2,3,3,4,3,2,1
66,Asia,22-39,Female,4,3,2,3,2,3,0,4,3,3,2
67,North America,22-39,Female,3,4,4,4,1,2,2,4,3,2,1
68,North America,22-39,Female,3,3,3,2,1,2,2,3,1,1,2
69,North America,22-39,Female,3,3,3,4,1,3,3,3,2,1,1
70,North America,Under 22,Female,3,3,3,3,1,1,0,4,1,0,0
71,North America,22-39,Female,1,3,2,0,0,3,1,3,2,0,1
72,North America,Under 22,Female,4,3,3,2,2,2,1,3,2,2,2
73,North America,22-39,Female,4,3,4,2,3,1,0,2,2,1,2
74,Asia,22-39,Female,2,3,2,4,2,3,1,1,2,2,1
75,Asia,22-39,Female,4,4,3,4,2,4,2,3,3,4,2
76,Asia,Under 22,Female,4,3,3,3,2,2,1,3,3,3,2
77,North America,Under 22,Female,3,4,3,2,0,3,2,3,2,2,1
78,Asia,Under 22,Female,4,3,3,3,0,2,2,3,3,2,2
79,North America,Under 22,Female,0,2,0,0,4,3,3,4,0,0,0
80,North America,Under 22,Female,1,2,0,0,0,3,2,3,0,0,1
81,North America,Under 22,Female,3,3,3,3,1,3,2,3,2,2,0
82,North America,22-39,Female,3,3,3,2,0,2,2,3,2,2,1
83,Asia,22-39,Male,4,3,4,4,3,3,3,4,3,3,2
84,North America,Under 22,Female,0,2,0,0,0,3,1,3,0,0,1
85,Asia,22-39,Female,3,2,3,3,4,2,4,3,3,2,2
86,North America,22-39,Female,2,3,2,1,1,3,0,3,2,1,2
87,Asia,22-39,Female,3,3,3,3,3,3,1,1,3,3,2
88,North America,Under 22,Female,4,4,4,2,0,4,4,2,3,1,0
89,North America,Under 22,Female,3,3,3,3,0,2,3,3,2,1,1
90,Asia,22-39,Female,1,3,4,4,4,2,2,3,3,4,2
91,North America,39-52,Female,3,3,4,3,2,3,2,3,2,3,2
92,North America,Under 22,Female,1,1,1,2,1,4,3,3,2,2,2
93,North America,22-39,Female,3,4,4,3,0,2,2,3,2,0,0
94,North America,22-39,Female,2,2,2,4,2,2,2,2,2,2,2
95,North America,Under 22,Female,4,3,4,3,1,2,3,3,3,1,1
96,North America,Under 22,Female,3,3,4,3,2,1,1,3,3,4,2
97,North America,Under 22,Female,2,1,2,2,0,2,2,3,0,0,1
98,North America,22-39,Female,0,2,2,1,0,2,3,4,0,0,1
99,Asia,22-39,Male,4,3,4,4,4,4,0,3,3,3,2
100,Asia,Under 22,Female,3,3,2,3,2,3,2,2,2,3,2
101,North America,22-39,Female,3,3,3,0,0,2,2,4,2,2,1
102,North America,22-39,Female,4,4,3,4,1,0,1,0,1,0,2
103,Asia,Under 22,Female,2,2,2,2,2,2,2,2,2,2,1
104,North America,22-39,Female,2,2,1,3,0,3,3,3,1,1,1
105,Asia,Under 22,Female,3,3,3,4,4,2,3,3,3,3,2
106,North America,22-39,Female,4,3,3,2,0,2,2,4,0,0,1
107,North America,22-39,Female,4,4,4,3,2,3,2,2,4,4,1
108,North America,Under 22,Female,3,3,3,3,3,2,1,3,2,3,2
109,Asia,22-39,Female,3,3,2,3,3,1,1,1,4,4,2
110,North America,22-39,Female,3,4,3,3,2,2,1,3,3,3,2
111,North America,22-39,Female,3,3,4,4,3,1,3,3,3,3,1
112,North America,22-39,Female,3,3,3,3,1,3,3,3,2,1,2
113,Asia,22-39,Female,3,3,3,4,3,3,4,3,3,4,1
114,North America,Under 22,Female,4,2,3,3,3,1,1,1,2,2,2
115,North America,22-39,Female,2,4,3,1,0,4,4,4,2,0,1
116,North America,Under 22,Female,4,4,3,3,0,4,4,4,0,0,0
117,North America,22-39,Female,3,3,3,3,1,3,2,3,2,1,1
118,North America,39-52,Female,3,4,3,3,2,4,3,4,3,1,2
119,North America,22-39,Female,0,2,2,2,1,3,2,2,2,0,0
120,Asia,22-39,Female,3,3,3,3,4,1,1,1,3,3,2
121,North America,Under 22,Female,2,3,3,2,1,3,1,2,2,1,2
122,Asia,22-39,Female,1,3,2,3,2,2,1,2,3,2,0
123,North America,22-39,Female,3,3,3,2,1,3,1,3,2,1,2
124,Asia,22-39,Female,2,4,4,3,4,4,2,4,4,4,2
125,North America,Under 22,Female,2,3,3,3,3,1,3,2,2,1,0
126,Asia,Under 22,Other,4,3,1,3,4,4,3,3,2,4,2
127,North America,22-39,Female,1,2,1,0,1,3,3,2,0,0,0
128,Asia,22-39,Female,2,3,4,3,3,2,3,2,3,3,2
129,North America,22-39,Female,0,2,1,1,1,3,2,2,1,1,0
130,North America,22-39,Female,0,2,0,0,0,4,2,4,0,0,0
131,North America,39-52,Female,3,4,4,3,3,1,0,1,3,2,2
132,North America,Under 22,Female,1,2,2,2,1,2,2,3,2,1,1
133,North America,Under 22,Female,1,0,0,0,0,4,2,4,0,0,1
134,North America,Under 22,Female,4,4,3,3,0,3,1,1,3,3,2
135,North America,22-39,Female,1,1,3,1,3,1,3,2,3,3,0
136,North America,Under 22,Female,4,3,3,3,3,2,3,1,4,3,2
137,North America,22-39,Female,3,4,4,3,1,3,4,4,2,1,1
138,North America,22-39,Female,1,0,2,1,1,2,1,4,0,0,1
139,North America,22-39,Female,0,1,0,0,0,4,4,3,0,0,0
140,North America,Under 22,Female,1,2,1,2,1,3,3,3,1,1,2
141,North America,22-39,Male,3,3,3,3,3,3,3,2,3,2,2
142,North America,Under 22,Female,2,4,3,3,0,2,2,4,2,2,1
143,Asia,Under 22,Female,4,4,3,3,3,2,1,2,3,3,2
144,North America,22-39,Female,4,4,4,4,0,2,2,3,2,0,0
145,North America,22-39,Female,3,1,3,3,3,1,0,1,4,3,2
146,North America,22-39,Female,3,3,3,4,2,3,3,1,1,2,2
147,Asia,Under 22,Female,4,4,4,4,4,2,0,4,4,4,2
148,North America,22-39,Female,3,4,4,3,0,3,3,3,3,1,1
149,North America,Under 22,Female,4,4,4,4,1,3,4,4,3,3,0
150,Asia,22-39,Female,3,2,3,3,2,3,1,3,3,2,1
151,North America,39-52,Female,4,4,4,4,4,2,1,3,2,2,2
152,North America,22-39,Female,1,4,2,1,1,3,2,2,1,0,2
153,Asia,22-39,Female,3,3,4,4,4,4,3,3,3,4,2
154,Europe,22-39,Female,2,3,3,3,1,3,2,4,2,2,1
155,North America,22-39,Female,3,4,3,3,0,2,2,3,2,0,1
156,North America,Under 22,Female,3,4,3,4,1,3,2,3,2,2,2
157,Asia,22-39,Female,2,3,2,2,2,3,1,3,2,2,1
158,North America,Under 22,Female,3,3,2,2,0,2,2,2,2,0,1
159,North America,22-39,Female,3,1,3,2,0,3,2,4,2,2,0
160,North America,22-39,Female,4,4,4,1,3,3,0,4,4,4,2
161,North America,Under 22,Female,3,3,3,3,1,3,2,2,2,2,2
162,South America,Under 22,Female,4,3,3,4,2,2,1,3,4,3,2
163,North America,22-39,Female,2,2,3,2,1,4,4,4,3,0,0
164,North America,39-52,Female,1,3,1,3,1,2,3,3,1,1,1
165,North America,22-39,Female,3,4,3,1,0,4,3,3,2,1,1
166,North America,22-39,Female,4,4,4,4,3,3,1,3,3,3,2
167,North America,22-39,Female,4,3,3,4,1,1,3,1,4,3,1
168,North America,52-70,Female,4,3,4,4,4,3,3,4,3,3,2
169,North America,Under 22,Female,2,3,2,2,1,3,2,2,3,1,2
170,North America,22-39,Female,0,2,2,2,1,2,2,4,2,2,1
171,North America,Under 22,Female,3,3,3,3,2,2,4,3,3,2,0
172,North America,70+,Female,3,4,3,3,3,3,2,3,4,3,2
173,North America,22-39,Female,1,3,0,0,0,3,4,3,1,1,1
174,North America,22-39,Female,2,2,2,3,2,2,2,2,2,2,1
175,North America,52-70,Female,3,1,1,1,2,1,3,1,3,1,0
176,North America,22-39,Female,0,1,1,1,0,2,1,3,1,0,1
177,North America,39-52,Female,3,3,2,3,1,3,3,3,2,2,1
178,North America,22-39,Female,3,3,3,1,1,3,1,3,1,3,2
179,North America,22-39,Female,1,3,1,2,1,3,2,3,2,1,1
180,North America,22-39,Female,3,3,3,3,1,2,1,1,3,3,1
181,Asia,22-39,Male,4,4,4,4,2,2,1,2,3,3,1
182,North America,22-39,Female,4,4,4,4,4,2,1,1,4,3,2
183,Asia,52-70,Female,3,4,3,3,4,4,4,3,3,4,2
184,North America,22-39,Male,3,3,3,3,1,3,3,3,2,1,1
185,North America,22-39,Female,3,3,3,3,1,3,1,3,0,0,2
186,South America,52-70,Female,3,3,3,3,3,2,2,2,2,2,2
187,North America,22-39,Female,1,3,1,1,1,2,2,1,2,2,1
188,North America,52-70,Female,0,0,0,0,0,4,0,4,0,0,0
189,North America,39-52,Female,3,3,3,3,3,4,1,3,3,3,2
190,North America,22-39,Female,2,1,1,2,1,3,2,2,1,1,1
191,North America,39-52,Female,3,3,3,2,2,3,1,3,3,3,2
192,North America,22-39,Female,3,3,3,3,1,3,2,2,2,1,1
193,North America,Under 22,Female,2,3,3,4,2,1,2,3,4,2,2
194,North America,22-39,Female,3,4,3,3,2,3,3,1,3,3,2
195,North America,22-39,Male,3,4,4,4,3,4,4,3,2,3,1
196,North America,Under 22,Female,3,4,3,3,0,2,2,4,3,3,1
197,North America,52-70,Female,1,3,1,1,0,2,2,1,0,0,0
198,North America,22-39,Female,4,3,3,4,0,2,2,3,3,2,1
199,North America,22-39,Female,0,4,2,3,4,4,4,3,3,4,2
200,North America,22-39,Female,2,3,2,0,0,2,2,3,2,0,1
201,North America,39-52,Female,3,4,3,2,2,3,3,3,2,2,1
202,Asia,22-39,Male,2,3,2,3,1,3,2,4,3,2,1
203,North America,Under 22,Female,3,3,3,3,2,2,2,2,2,2,1
204,North America,22-39,Female,3,2,4,4,2,2,2,2,2,2,1
205,North America,52-70,Female,2,3,2,3,2,3,2,2,2,2,1
206,North America,22-39,Female,4,4,4,3,0,3,2,1,3,0,1
207,North America,22-39,Female,4,4,4,2,4,4,3,4,3,2,1
208,North America,22-39,Female,3,4,4,3,3,3,2,2,2,2,2
209,North America,22-39,Female,4,3,4,3,1,2,2,3,1,0,1
210,North America,Under 22,Female,4,4,3,2,1,4,2,4,3,2,1
211,Asia,22-39,Male,3,2,3,4,2,2,4,3,4,2,2
212,Asia,22-39,Male,3,3,3,3,3,1,3,3,3,2,2
213,North America,22-39,Female,2,2,2,2,2,2,2,2,2,2,2
214,North America,22-39,Female,3,3,3,3,2,3,3,1,3,3,2
215,North America,22-39,Female,2,3,3,3,0,3,2,4,3,0,1
216,North America,22-39,Female,2,3,2,3,0,2,2,2,0,0,1
217,North America,Under 22,Female,2,3,3,4,1,2,2,4,0,0,2
218,North America,Under 22,Female,3,4,3,3,1,3,1,4,3,3,2
219,North America,39-52,Female,3,3,2,2,2,2,2,2,2,2,2
220,North America,22-39,Female,4,4,2,3,2,3,4,3,4,4,2
221,North America,Under 22,Female,4,4,4,2,0,2,3,4,3,0,1
222,North America,52-70,Prefer not to say,4,4,4,3,1,4,3,4,3,2,1
223,North America,52-70,Female,3,3,4,3,1,3,1,3,2,1,1
224,Asia,22-39,Female,2,2,2,2,1,2,2,3,2,1,1
225,North America,52-70,Female,3,2,3,3,2,2,3,2,3,2,2
226,North America,39-52,Female,1,3,1,2,0,3,3,3,2,0,1
227,North America,39-52,Female,4,4,4,4,2,4,2,4,3,2,2
228,North America,22-39,Female,1,2,1,2,1,3,1,4,3,1,2
229,North America,22-39,Female,3,3,3,3,1,3,3,3,2,1,2
230,North America,22-39,Female,3,3,2,3,3,3,3,2,2,2,1
231,North America,Under 22,Female,3,2,2,2,1,2,2,4,3,0,2
232,North America,39-52,Female,3,3,4,3,0,4,1,4,3,0,1
233,North America,22-39,Female,3,4,4,4,0,2,2,4,3,2,1
234,North America,39-52,Male,3,4,4,4,3,2,1,3,4,3,1
235,North America,Under 22,Female,2,2,2,3,1,0,2,3,3,1,2
236,North America,Under 22,Female,2,2,2,2,1,1,1,1,2,2,2
237,North America,22-39,Female,0,3,1,0,0,3,4,3,0,0,1
238,North America,22-39,Female,3,3,4,2,1,1,1,1,0,0,1
239,North America,22-39,Female,1,3,2,1,2,3,2,1,2,3,2
240,North America,22-39,Female,2,3,2,2,1,4,3,4,2,1,1
241,North America,39-52,Female,3,3,2,2,0,4,4,4,2,2,1
242,North America,Under 22,Female,4,3,4,4,2,3,1,3,4,3,2
243,North America,Under 22,Male,3,3,2,2,1,3,1,3,2,1,2
244,Asia,22-39,Female,4,4,4,4,4,2,4,4,4,4,2
245,North America,22-39,Female,2,3,3,2,0,2,2,4,0,0,1
246,North America,22-39,Female,3,3,3,2,1,3,3,2,3,1,1
247,North America,22-39,Female,1,3,3,3,1,3,1,3,3,1,2
248,Africa,22-39,Female,3,3,3,3,3,2,2,2,3,3,2
249,North America,22-39,Female,3,4,3,2,3,3,1,4,2,2,2
250,North America,52-70,Female,3,3,2,3,0,3,4,3,2,2,0
251,North America,Under 22,Prefer not to say,0,3,1,0,0,4,2,2,0,0,0
252,North America,Under 22,Female,4,4,4,4,4,1,1,1,4,4,2
253,North America,22-39,Female,4,4,3,4,4,2,1,3,3,3,2
254,North America,22-39,Female,2,3,2,2,1,3,1,3,3,2,1
255,North America,Under 22,Female,3,3,3,3,0,2,2,3,2,2,1
256,North America,52-70,Female,3,3,3,3,1,2,2,3,2,2,1
257,North America,52-70,Female,2,2,2,2,0,3,3,3,0,1,1
258,North America,22-39,Female,2,2,2,2,2,2,2,2,2,2,2
259,North America,Under 22,Female,3,3,2,3,2,4,3,3,1,3,2
260,North America,Under 22,Female,2,3,3,2,1,3,1,3,2,2,1
261,North America,22-39,Female,3,3,3,3,0,4,4,3,3,3,1
262,North America,22-39,Female,1,3,1,0,0,3,0,3,0,0,1
263,North America,22-39,Female,3,3,3,3,1,3,1,3,2,2,1
264,North America,39-52,Female,3,3,3,3,2,2,1,2,3,3,2
265,North America,22-39,Female,2,2,2,2,1,2,2,2,2,2,1
266,North America,22-39,Female,4,4,4,4,3,4,4,4,4,4,2
267,North America,Under 22,Female,3,3,1,0,0,2,2,4,0,0,1
268,Asia,Under 22,Female,4,3,4,4,1,0,3,0,3,2,2
269,North America,22-39,Female,1,2,0,2,0,2,0,3,0,0,1
270,North America,22-39,Female,2,3,3,3,0,1,3,3,0,0,1
271,North America,22-39,Female,2,3,3,4,0,3,3,3,3,1,1
272,North America,22-39,Male,3,1,2,2,3,3,2,3,3,2,0
273,North America,39-52,Male,3,4,3,2,1,2,2,1,2,1,1
274,North America,22-39,Female,1,3,2,0,0,4,2,3,2,1,1
275,North America,22-39,Female,0,2,1,1,0,2,1,3,1,1,1
276,Europe,22-39,Female,3,3,2,1,2,2,1,3,1,1,2
277,North America,22-39,Female,3,3,2,3,1,2,3,3,1,0,0
278,Asia,Under 22,Female,4,4,4,4,4,2,1,1,3,3,2
279,North America,Under 22,Male,3,3,3,3,0,3,4,1,3,2,0
280,Africa,Under 22,Female,3,3,3,3,3,3,1,1,3,3,2
281,North America,22-39,Female,3,3,2,2,1,3,1,4,2,0,1
282,North America,22-39,Female,3,4,3,2,3,4,4,4,4,3,2
283,North America,22-39,Female,2,3,2,2,2,1,3,3,2,3,0
284,Asia,Under 22,Female,0,4,0,2,2,2,2,2,2,2,1
285,North America,22-39,Female,0,1,0,0,0,2,2,3,0,0,0
286,North America,Under 22,Female,1,2,0,1,1,3,4,3,2,1,1
287,North America,22-39,Female,2,3,3,3,3,2,2,2,3,3,2
288,North America,22-39,Female,3,3,3,4,2,3,3,2,3,2,2
289,North America,22-39,Female,3,3,2,2,1,3,2,2,2,2,1
290,North America,22-39,Female,4,4,4,4,3,1,1,3,3,3,2
291,North America,52-70,Female,4,4,4,4,3,3,2,3,3,3,2
292,Europe,Under 22,Female,2,3,2,2,0,3,2,4,2,0,1
293,North America,22-39,Male,4,4,3,3,2,3,2,2,0,0,1
294,North America,22-39,Female,0,0,0,0,0,2,2,3,0,0,1
295,North America,22-39,Female,2,4,3,2,0,2,2,4,1,0,1
296,North America,22-39,Female,1,3,2,2,0,4,2,3,1,0,0
297,North America,22-39,Female,4,4,3,4,3,3,2,3,3,2,1
298,North America,Under 22,Female,4,4,4,4,3,4,2,2,3,3,2
299,North America,22-39,Female,2,3,2,2,2,2,1,3,2,2,2
300,North America,Under 22,Female,3,3,3,3,1,3,2,3,3,3,1
301,North America,Under 22,Female,3,3,3,3,0,2,2,1,1,1,1
302,North America,22-39,Female,3,3,2,3,1,2,2,2,1,1,1
303,North America,Under 22,Female,1,1,2,2,1,4,3,3,2,1,1
304,North America,39-52,Female,2,2,1,1,2,3,3,3,1,1,2
305,North America,22-39,Female,3,1,1,3,1,4,4,1,1,0,1
306,North America,22-39,Female,2,3,2,2,1,2,1,2,2,1,1
307,North America,Under 22,Male,2,3,3,3,2,2,1,1,3,1,2
308,South America,Under 22,Female,3,3,4,2,1,3,4,3,3,1,1
309,South America,Under 22,Male,3,3,3,3,1,2,3,2,3,2,2
310,North America,22-39,Female,3,1,1,2,0,3,4,3,0,0,1
311,North America,22-39,Female,1,4,3,2,2,4,3,3,2,1,2
312,North America,22-39,Female,3,2,3,2,0,3,3,3,2,1,1
313,North America,Under 22,Male,2,3,3,2,1,2,2,2,2,2,1
314,North America,Under 22,Female,3,3,3,3,1,3,2,3,2,2,2
315,North America,Under 22,Female,2,3,3,3,1,3,3,4,2,1,1
316,North America,Under 22,Female,1,2,1,0,0,4,4,3,0,0,0
317,North America,22-39,Female,4,3,3,3,2,3,1,2,3,3,2
318,North America,39-52,Female,4,4,4,4,3,2,2,3,3,2,0
319,North America,22-39,Female,3,3,1,1,1,4,1,4,2,1,1
320,North America,Under 22,Female,2,3,2,3,1,2,2,4,3,2,1
321,North America,Under 22,Female,3,3,3,3,2,3,3,3,3,2,1
322,North America,Under 22,Female,1,2,2,2,1,2,2,3,2,0,1
323,North America,22-39,Female,2,2,3,2,2,3,0,3,2,2,1
324,North America,39-52,Female,1,3,2,3,0,2,2,4,1,1,1
325,North America,Under 22,Female,3,4,3,3,1,3,1,2,3,1,1
326,Europe,39-52,Female,3,4,4,2,1,1,3,3,2,2,2
327,North America,22-39,Female,3,3,3,3,1,2,2,3,0,0,1
328,North America,22-39,Female,3,4,4,3,1,3,1,3,2,2,2
329,North America,22-39,Female,2,2,2,3,0,3,1,4,2,2,2
330,North America,22-39,Male,2,3,3,3,2,3,2,2,3,2,1
331,North America,22-39,Female,2,3,3,3,1,3,2,3,2,1,0
332,North America,22-39,Female,1,3,3,3,2,2,3,2,3,2,1
333,North America,Under 22,Female,1,3,1,0,0,2,2,2,0,0,0
334,North America,52-70,Female,1,3,2,2,1,3,1,3,1,1,1
335,North America,Under 22,Female,3,3,3,3,3,2,1,1,3,3,2
336,North America,22-39,Female,3,3,2,2,0,3,2,4,2,2,1
337,North America,22-39,Female,2,3,2,2,1,1,1,2,2,1,2
338,North America,39-52,Female,1,2,2,2,0,2,2,3,2,1,1
339,North America,Under 22,Female,3,3,2,2,1,4,1,3,2,1,1
340,North America,22-39,Female,3,3,3,2,1,3,3,1,3,2,2
341,North America,22-39,Female,1,2,3,2,0,2,2,3,2,0,0
342,North America,Under 22,Male,1,3,1,3,1,3,3,3,2,1,1
343,Asia,22-39,Female,1,3,2,0,0,2,3,4,0,0,0
344,North America,Under 22,Female,1,2,3,2,1,3,2,2,3,2,2
345,North America,52-70,Female,0,3,3,3,1,4,0,4,1,3,1
346,North America,39-52,Female,2,3,3,3,0,4,4,3,2,1,0
347,North America,Under 22,Female,3,3,3,1,1,3,3,4,1,1,1
348,North America,22-39,Female,3,4,4,4,3,3,0,0,4,4,2
349,North America,22-39,Male,2,3,2,2,0,3,3,4,0,0,1
350,North America,52-70,Female,4,4,3,3,1,2,2,3,3,3,2
351,North America,Under 22,Female,0,2,1,0,0,4,4,4,0,0,0
352,North America,22-39,Female,2,3,2,3,0,2,3,2,2,0,1
353,North America,39-52,Female,4,4,4,4,3,1,1,1,4,4,2
354,North America,22-39,Male,4,3,3,2,0,3,2,3,1,2,1
355,North America,22-39,Female,3,3,3,2,2,3,2,3,3,3,2
356,North America,22-39,Female,3,3,3,2,0,3,2,3,0,3,1
357,North America,22-39,Female,2,4,3,3,1,2,2,3,2,2,1
358,North America,22-39,Female,1,2,3,0,0,4,1,3,0,0,1
359,North America,22-39,Female,3,3,4,3,1,3,2,3,3,3,1
360,North America,Under 22,Female,3,2,0,2,2,4,1,1,2,2,2
361,North America,52-70,Female,3,3,3,3,0,4,2,3,1,0,0
362,North America,22-39,Female,3,3,1,1,1,3,3,3,1,1,1
363,North America,22-39,Female,1,2,1,1,0,2,2,3,2,2,1
364,North America,Under 22,Female,3,3,3,3,2,1,1,2,3,2,2
365,North America,22-39,Female,0,1,1,0,0,4,3,4,1,0,0
366,North America,52-70,Female,4,4,3,3,1,3,1,3,3,2,2
367,North America,Under 22,Male,2,2,2,2,1,2,3,3,2,0,1
368,North America,22-39,Female,2,3,4,4,4,3,4,0,2,3,1
369,North America,22-39,Female,1,3,2,3,1,3,1,3,3,1,1
370,Asia,22-39,Female,4,4,4,4,4,0,0,0,4,4,2
371,North America,22-39,Female,4,3,3,2,2,3,1,1,3,3,2
372,North America,Under 22,Female,3,3,3,3,1,3,1,2,3,0,2
373,North America,Under 22,Female,3,3,3,2,1,3,1,4,3,1,1
374,North America,Under 22,Female,0,3,0,2,0,3,1,3,1,1,0
375,Australia,22-39,Female,3,3,3,1,2,2,1,3,3,3,1
376,North America,Under 22,Female,4,4,4,3,2,4,4,4,3,2,2
377,North America,Under 22,Female,3,3,2,3,1,3,2,3,1,0,1
378,North America,Under 22,Female,4,4,4,4,3,3,0,2,4,3,2
379,North America,22-39,Female,2,3,2,3,0,2,2,4,2,0,1
380,North America,22-39,Female,3,3,3,3,0,3,2,3,1,1,1
381,Asia,Under 22,Female,3,2,3,4,3,3,1,2,4,3,1
382,North America,22-39,Female,3,3,1,2,1,1,1,3,3,1,0
383,North America,22-39,Female,3,4,4,3,2,3,1,2,3,3,2
384,North America,39-52,Female,1,1,3,2,1,2,3,1,3,2,2
385,North America,22-39,Female,3,3,3,4,4,4,2,4,2,3,1
386,North America,39-52,Female,3,4,4,3,1,1,1,2,3,1,2
387,North America,22-39,Female,2,2,2,3,1,3,1,1,1,1,2
388,North America,Under 22,Female,3,3,2,1,1,3,3,3,1,0,1
389,North America,22-39,Female,3,4,4,2,3,3,1,3,3,3,2
390,North America,22-39,Female,2,2,1,1,1,4,3,3,2,1,0
391,North America,Under 22,Female,3,3,3,3,1,3,3,3,2,0,1
392,North America,22-39,Female,2,4,3,4,2,4,2,3,3,2,1
393,North America,Under 22,Female,1,2,1,1,1,3,1,3,1,1,1
394,North America,22-39,Female,2,3,3,4,0,2,1,3,3,3,2
395,North America,Under 22,Female,4,3,4,2,3,3,0,2,3,2,2
396,North America,22-39,Female,2,2,2,2,0,2,2,2,0,0,0
397,Asia,22-39,Female,3,2,3,4,3,2,3,3,3,3,2
398,North America,52-70,Female,4,3,3,3,1,3,1,3,2,1,0
399,North America,22-39,Female,3,3,3,3,1,2,2,3,2,1,1
400,North America,22-39,Female,1,3,2,3,1,3,2,3,1,1,0
401,Asia,22-39,Female,4,4,4,4,1,4,2,2,4,3,0
402,North America,22-39,Female,4,3,4,3,3,3,2,1,3,3,2
403,South America,22-39,Male,3,3,3,2,2,3,1,3,2,3,1
404,North America,Under 22,Female,3,2,3,2,1,2,2,2,1,1,2
405,North America,39-52,Female,3,3,3,2,1,3,1,3,2,1,1
406,North America,22-39,Female,4,4,4,4,1,2,2,2,3,2,1
407,North America,Under 22,Female,1,2,1,1,0,3,1,4,0,0,1
408,North America,Under 22,Female,3,4,3,3,1,3,3,3,3,1,1
409,North America,39-52,Female,4,4,4,4,1,2,2,3,2,2,1
410,North America,52-70,Female,1,3,3,3,1,2,1,3,1,1,2
411,North America,22-39,Female,2,3,2,1,0,3,3,3,2,2,1
412,North America,22-39,Female,4,3,3,3,1,3,3,3,2,1,1
413,North America,22-39,Female,1,3,1,0,1,2,2,4,1,0,1
414,North America,Under 22,Female,3,3,2,3,1,2,2,4,0,0,0
415,North America,22-39,Female,3,4,4,4,2,1,1,1,3,4,1
416,North America,22-39,Female,3,4,3,3,1,4,1,4,0,1,1
417,Asia,22-39,Female,4,4,4,4,3,3,0,3,4,4,2
418,North America,Under 22,Female,1,3,3,3,0,4,1,4,1,0,1
419,North America,39-52,Female,3,3,3,4,3,2,2,2,2,2,2
420,Asia,22-39,Female,2,2,2,2,2,2,2,2,2,2,1
421,North America,22-39,Female,1,2,2,1,0,2,3,3,2,0,1
422,North America,Under 22,Female,3,3,2,2,0,3,3,4,2,2,0
423,North America,Under 22,Female,3,4,3,3,1,2,2,3,3,2,1
424,North America,Under 22,Female,3,3,3,3,2,3,1,1,3,3,2
425,North America,Under 22,Female,3,3,3,3,0,4,2,1,1,0,0
426,Asia,22-39,Female,3,3,3,3,4,3,3,4,3,3,2
427,North America,Under 22,Male,4,3,3,3,1,2,2,1,3,3,2
428,North America,Under 22,Female,3,3,3,4,2,2,2,4,2,2,1
429,North America,Under 22,Female,1,2,2,1,1,3,4,4,2,0,1
430,Europe,52-70,Female,1,2,2,1,0,3,2,1,2,1,0
431,North America,22-39,Female,3,3,3,3,1,2,1,3,2,2,2
432,North America,Under 22,Female,2,4,3,3,1,3,3,3,3,3,1
433,Asia,39-52,Female,3,3,2,3,2,2,2,1,2,1,2
434,North America,Under 22,Female,3,3,3,3,2,2,2,2,2,2,1
435,North America,22-39,Female,3,4,4,1,1,3,4,4,2,0,1
436,North America,39-52,Female,3,3,4,2,0,2,2,3,2,2,1
437,North America,Under 22,Female,3,3,3,0,1,3,2,3,2,1,1
438,North America,22-39,Female,3,3,3,3,3,3,1,3,3,1,2
439,North America,22-39,Male,2,3,3,2,0,2,2,4,3,2,1
440,North America,Under 22,Female,3,3,3,3,2,2,2,2,2,2,1
441,North America,Under 22,Female,3,3,3,3,3,2,2,2,2,3,2
442,North America,39-52,Female,3,3,3,4,1,3,1,1,1,1,0
443,North America,22-39,Female,1,3,2,2,0,2,2,3,2,0,1
444,North America,22-39,Female,2,2,1,2,0,3,0,3,1,0,1
445,North America,Under 22,Female,2,3,3,2,1,3,3,2,2,1,1
446,Asia,22-39,Female,2,2,2,3,2,2,2,2,2,2,1
447,North America,22-39,Female,1,2,2,2,0,3,2,3,2,1,1
448,Asia,22-39,Female,2,4,4,3,1,3,2,4,3,3,2
449,North America,Under 22,Female,0,0,0,0,0,4,4,3,0,0,0
450,North America,22-39,Female,2,3,2,0,1,4,3,3,1,1,1
451,Asia,39-52,Female,4,2,4,4,2,4,4,4,3,3,1
452,North America,Under 22,Female,4,4,4,4,0,3,4,2,2,2,1
453,North America,Under 22,Female,4,4,3,0,1,3,3,3,3,0,1
454,North America,22-39,Female,4,4,4,3,3,2,1,1,3,3,2
455,North America,Under 22,Female,3,3,3,1,2,2,1,2,2,1,2
456,South America,Under 22,Female,4,3,1,2,0,4,3,4,2,2,1
457,North America,22-39,Female,2,4,3,3,2,1,0,1,2,1,2
458,North America,Under 22,Female,3,3,3,3,1,3,3,3,1,1,1
459,North America,22-39,Female,3,3,3,3,2,4,0,4,3,3,2
460,North America,22-39,Female,1,3,2,3,2,3,0,4,1,1,1
461,North America,22-39,Female,3,3,3,4,1,3,2,1,1,1,1
462,North America,22-39,Female,1,1,2,2,2,4,2,1,0,0,2
463,North America,Under 22,Female,3,3,3,1,2,4,3,4,2,1,1
464,Australia,Under 22,Female,3,3,3,4,3,3,3,1,2,1,2
465,North America,22-39,Female,3,3,2,2,0,3,2,2,2,1,1
466,North America,Under 22,Female,0,2,0,0,0,2,2,3,0,0,0
467,Asia,22-39,Female,2,2,2,2,2,2,2,2,2,2,1
468,North America,22-39,Male,3,3,2,2,1,3,2,2,3,2,0
469,Europe,Under 22,Female,3,3,3,1,1,3,3,3,3,1,1
470,North America,22-39,Female,3,3,2,2,1,3,3,3,0,0,0
471,North America,Under 22,Female,4,3,3,3,3,1,1,1,3,3,2
472,North America,22-39,Other,2,3,2,2,1,3,2,4,0,0,0
473,North America,22-39,Female,3,3,3,3,3,3,3,3,3,3,2
474,North America,22-39,Female,3,4,4,4,1,4,2,4,3,2,2
475,North America,Under 22,Female,3,3,3,2,0,3,4,3,1,0,1
476,Europe,22-39,Female,2,2,2,2,2,1,1,2,2,1,1
477,North America,22-39,Female,3,4,3,2,2,2,1,1,1,2,1
478,North America,39-52,Female,2,1,3,3,0,3,3,1,2,1,1
479,North America,22-39,Female,3,3,3,1,0,1,1,3,2,1,0
480,North America,Under 22,Female,3,2,2,2,1,2,1,2,2,1,2
481,North America,22-39,Female,0,0,2,2,0,3,3,2,1,0,0
482,North America,22-39,Female,2,3,3,2,1,2,2,1,2,0,1
483,North America,Under 22,Female,2,4,3,2,0,3,4,3,2,0,1
484,North America,Under 22,Female,3,3,3,3,3,4,3,3,3,2,2
485,South America,22-39,Female,3,3,3,3,3,2,1,2,3,3,2
486,North America,Under 22,Female,3,3,1,1,0,2,2,4,0,0,0
487,North America,Under 22,Female,3,3,4,3,0,4,3,4,2,0,0
488,North America,22-39,Male,4,4,3,2,1,2,0,1,4,3,1
489,North America,Under 22,Female,3,3,3,3,3,3,1,1,3,3,2
490,North America,22-39,Female,3,3,3,3,1,2,2,2,1,1,2
491,North America,22-39,Female,2,3,2,2,1,3,3,3,1,0,1
492,North America,Under 22,Female,3,2,3,3,1,3,1,3,1,0,1
493,North America,22-39,Male,1,3,1,2,1,3,1,4,1,1,1
494,North America,Under 22,Male,2,3,3,1,1,3,1,3,2,2,1
495,North America,39-52,Female,4,4,4,4,3,2,1,3,3,3,2
496,North America,22-39,Female,3,3,2,2,2,1,2,1,2,1,0
497,North America,Under 22,Female,4,4,3,4,0,3,2,4,0,0,1
498,North America,Under 22,Female,3,3,3,2,2,3,2,3,2,1,1
499,North America,22-39,Female,1,3,2,2,0,3,0,2,0,0,1
500,North America,22-39,Female,4,3,3,3,1,4,2,3,1,1,1
501,North America,22-39,Female,2,3,3,2,2,3,1,0,2,1,1
502,North America,Under 22,Female,3,3,3,3,2,2,2,2,3,3,2
503,North America,22-39,Female,3,3,3,3,3,3,1,1,4,2,2
504,North America,52-70,Male,2,3,3,2,0,3,2,2,3,2,1
505,North America,22-39,Female,3,4,3,4,2,3,0,1,4,4,2
506,North America,Under 22,Female,4,4,4,0,2,3,0,4,4,4,2
507,North America,22-39,Female,3,3,3,3,2,2,4,3,3,2,1
508,North America,22-39,Female,1,2,1,0,0,3,1,3,1,0,1
509,North America,39-52,Female,1,2,3,0,1,3,3,3,3,1,1
510,North America,22-39,Female,0,3,1,1,0,3,3,3,0,0,1
511,North America,Under 22,Female,2,2,2,2,1,3,2,3,2,1,2
512,North America,22-39,Female,3,3,3,3,2,4,2,3,3,2,2
513,North America,Under 22,Female,3,2,3,1,0,3,2,3,0,0,1
514,North America,39-52,Female,1,2,1,1,0,2,3,4,1,1,0
515,North America,22-39,Female,3,4,3,4,3,4,2,3,3,2,2
516,North America,39-52,Female,3,4,4,4,3,3,3,1,4,3,1
517,North America,22-39,Male,1,3,3,3,0,3,2,3,0,0,0
518,North America,22-39,Male,3,4,4,3,2,3,3,3,3,0,1
519,North America,22-39,Female,2,3,2,3,1,2,2,2,1,1,1
520,North America,22-39,Female,2,3,2,2,0,4,1,4,1,0,1
521,North America,Under 22,Female,4,4,4,4,4,4,0,4,4,4,2
522,North America,Under 22,Female,2,4,3,3,1,4,3,3,2,1,1
523,North America,Under 22,Male,3,3,3,2,1,3,2,3,3,2,1
524,North America,Under 22,Female,3,3,3,3,2,3,1,4,2,2,2
525,North America,22-39,Female,4,3,3,3,4,3,0,2,4,3,2
526,North America,22-39,Female,2,2,0,2,0,3,3,3,0,0,1
527,North America,Under 22,Female,2,2,2,2,0,3,2,2,2,2,1
528,North America,22-39,Female,1,1,1,0,0,3,3,4,0,0,2
529,Asia,22-39,Female,3,4,4,4,4,2,1,1,4,3,2
530,North America,22-39,Female,3,4,3,3,2,2,1,1,3,3,2
531,North America,Under 22,Female,3,3,3,2,2,3,1,1,2,2,2
532,North America,Under 22,Female,3,4,3,1,1,3,3,3,3,2,1
533,Asia,22-39,Prefer not to say,2,2,2,2,2,2,2,2,2,2,1
534,North America,22-39,Female,4,4,4,4,2,1,1,4,4,3,2
535,North America,Under 22,Other,1,3,3,1,1,2,1,3,2,1,0
536,North America,Under 22,Female,2,3,3,3,2,2,2,3,2,1,1
537,North America,Under 22,Female,3,4,3,3,1,4,3,4,3,1,2
538,South America,22-39,Female,3,3,4,4,0,2,1,4,2,2,1
539,North America,Under 22,Prefer not to say,3,3,3,3,3,3,3,3,3,3,1
540,North America,22-39,Female,3,3,3,3,0,2,2,2,2,1,1
541,North America,Under 22,Female,3,2,3,3,1,4,1,4,0,0,1
542,North America,22-39,Female,3,3,4,0,1,3,2,4,4,3,2
543,North America,22-39,Female,2,2,3,3,1,3,2,3,2,2,1
544,North America,22-39,Female,1,2,1,2,0,3,3,3,1,1,1
545,North America,22-39,Female,3,3,3,3,2,3,2,2,3,2,2
546,North America,22-39,Female,3,3,3,3,1,3,1,3,3,2,1
547,North America,22-39,Female,3,3,3,3,1,2,2,3,2,1,0
548,North America,Under 22,Female,2,2,2,2,0,2,2,2,2,1,1
549,North America,Under 22,Female,3,4,2,1,0,3,2,3,2,0,0
550,North America,22-39,Female,4,4,4,4,2,2,2,1,2,2,1
551,North America,22-39,Female,1,3,2,2,1,2,2,2,1,1,2
552,North America,Under 22,Female,3,2,4,2,1,3,0,3,3,1,2
553,North America,22-39,Female,3,2,2,2,1,3,1,3,3,1,2
554,North America,52-70,Female,3,4,3,3,1,3,2,3,1,1,1
555,North America,22-39,Female,3,3,3,3,2,4,2,3,3,3,2
556,North America,Under 22,Female,3,3,3,3,2,2,1,2,3,2,1
557,North America,39-52,Female,4,3,3,3,3,3,1,3,3,3,2
558,North America,22-39,Male,1,3,1,1,0,3,2,4,0,0,1
559,North America,22-39,Male,3,4,4,3,1,3,1,3,2,1,1
560,North America,39-52,Female,3,4,4,3,0,2,2,4,3,1,1
561,North America,22-39,Female,3,4,3,3,2,3,1,3,3,3,2
562,North America,Under 22,Female,1,3,1,3,1,3,1,1,0,0,1
563,North America,Under 22,Other,1,3,2,2,0,3,2,4,0,0,1
564,North America,Under 22,Female,3,3,3,3,2,3,1,3,3,3,2
565,North America,22-39,Female,2,2,2,2,0,2,2,3,3,0,1
566,North America,22-39,Female,3,3,1,2,1,2,3,4,2,1,2
567,North America,Under 22,Female,3,3,2,3,2,3,2,2,2,2,1
568,North America,22-39,Female,2,3,3,3,2,3,1,3,3,2,1
569,North America,Under 22,Female,2,3,2,2,1,4,2,4,2,1,1
570,North America,22-39,Female,0,0,0,2,0,2,2,3,3,0,1
571,North America,Under 22,Female,4,4,4,3,3,2,2,2,2,3,2
572,North America,Under 22,Female,3,4,3,3,0,3,2,3,3,1,0
573,North America,22-39,Female,3,3,3,3,1,2,2,2,2,2,1
574,North America,22-39,Female,3,3,3,2,1,3,1,3,1,1,1
575,North America,22-39,Female,1,3,2,2,0,3,2,3,2,1,1
576,North America,22-39,Female,3,4,3,3,3,2,1,2,3,2,2
577,North America,22-39,Female,3,4,3,4,1,3,3,4,3,2,1
578,North America,22-39,Male,3,3,3,3,3,3,3,3,3,3,1
579,North America,Under 22,Female,2,3,2,2,2,4,3,2,2,1,2
580,North America,22-39,Female,1,0,0,2,0,2,2,3,0,0,0
581,North America,Under 22,Female,2,3,3,3,2,1,0,1,1,1,1
582,North America,22-39,Female,1,1,2,2,1,2,2,2,2,2,1
583,North America,22-39,Female,3,3,2,0,0,4,1,3,0,0,1
584,North America,Under 22,Female,3,3,3,3,0,3,3,3,2,0,1
585,North America,Under 22,Female,3,4,3,3,1,3,1,3,3,3,2
586,North America,22-39,Female,3,3,3,0,0,0,0,0,0,0,1
587,North America,Under 22,Male,3,3,4,4,1,2,3,3,2,0,1
588,North America,Under 22,Female,4,4,4,3,3,1,0,3,4,3,2
589,Asia,52-70,Female,3,3,3,4,3,4,4,3,3,4,2
590,North America,22-39,Female,3,2,3,2,1,2,2,2,1,0,1
591,North America,Under 22,Other,2,3,3,1,1,3,2,3,2,1,1
592,North America,Under 22,Female,3,3,2,2,1,3,2,3,2,1,1
593,North America,Under 22,Female,3,3,2,4,2,4,4,4,3,2,2
594,North America,Under 22,Female,3,3,3,2,2,3,1,2,4,4,1
595,North America,Under 22,Female,4,4,3,1,1,3,2,4,3,3,1
596,North America,39-52,Female,3,3,3,3,1,3,1,1,3,2,2
597,North America,Under 22,Female,3,3,3,2,0,3,2,2,0,0,1
598,North America,Under 22,Female,3,4,4,4,3,3,2,4,2,1,2
599,North America,39-52,Female,4,4,4,4,2,4,2,3,3,4,2
600,North America,22-39,Female,2,3,3,2,1,3,3,1,2,1,2
601,Asia,22-39,Female,3,4,3,4,2,4,3,3,2,2,1
602,North America,Under 22,Female,1,3,2,1,0,3,3,2,2,0,1
603,North America,22-39,Male,0,0,0,0,0,3,3,3,0,0,0
604,North America,22-39,Female,4,3,3,2,3,3,1,3,3,3,2
605,North America,22-39,Female,1,3,2,0,2,2,1,3,2,0,2
606,North America,22-39,Female,3,4,4,2,1,1,2,4,3,3,2
607,North America,22-39,Male,1,3,3,3,1,3,3,3,1,1,0
608,North America,22-39,Female,1,4,3,2,0,3,3,3,1,0,1
609,North America,Under 22,Female,3,4,3,1,0,3,4,2,3,0,1
610,North America,22-39,Female,3,4,3,2,1,4,2,3,3,2,2
611,North America,22-39,Female,3,3,3,0,1,2,4,4,1,0,1
612,North America,Under 22,Female,4,4,4,4,1,1,2,2,1,1,1
613,North America,22-39,Female,4,3,3,3,4,3,1,3,2,1,2
614,Europe,22-39,Female,4,4,4,0,4,2,1,3,4,4,2
615,North America,Under 22,Female,2,2,1,1,2,3,2,3,2,3,0
616,North America,Under 22,Female,3,3,3,3,2,2,1,4,2,2,2
617,North America,22-39,Female,3,3,2,2,0,3,3,3,0,0,1
618,Asia,52-70,Female,3,2,3,2,2,4,3,3,3,4,2
619,Australia,22-39,Female,2,3,2,3,3,3,2,2,2,3,2
620,Asia,39-52,Female,4,0,4,4,2,2,3,3,3,3,2
621,North America,22-39,Female,3,2,3,3,2,3,1,1,2,1,2
622,Asia,Under 22,Female,3,2,3,4,2,2,3,4,3,4,1
623,North America,Under 22,Female,2,3,3,1,0,2,4,4,2,0,1
624,North America,22-39,Female,3,3,3,3,2,3,3,3,2,2,2
625,North America,39-52,Female,1,3,3,2,1,3,1,2,2,3,2
626,North America,22-39,Female,4,4,4,4,3,3,3,4,4,4,2
627,North America,Under 22,Female,1,2,2,2,2,2,2,2,2,2,1
628,North America,39-52,Male,3,3,3,3,2,2,3,3,1,1,1
629,North America,Under 22,Female,1,3,0,1,1,4,2,2,1,0,1
630,North America,39-52,Female,2,2,3,1,1,2,2,2,0,0,1
631,Europe,22-39,Female,4,4,3,1,1,2,0,1,3,0,2
632,North America,Under 22,Female,2,3,2,2,0,3,3,1,2,1,2
633,North America,39-52,Female,2,3,3,2,1,3,2,3,3,2,1
634,North America,22-39,Female,3,3,3,2,1,3,2,3,2,3,1
635,North America,22-39,Female,3,4,4,3,2,3,2,3,3,2,1
636,Asia,52-70,Female,4,3,3,3,2,2,2,3,3,3,1
637,North America,Under 22,Female,1,3,2,3,1,2,2,2,3,0,0
638,North America,39-52,Female,1,4,4,2,0,4,2,3,2,0,0
639,North America,Under 22,Female,3,3,3,3,2,2,2,2,3,2,0
640,North America,22-39,Female,2,3,2,1,0,4,3,3,2,0,1
641,Asia,22-39,Female,3,3,4,3,4,3,3,4,3,2,2
642,North America,22-39,Female,0,2,0,2,0,3,2,2,0,0,0
643,North America,22-39,Female,0,4,0,2,0,2,2,4,0,0,1
644,North America,22-39,Female,4,4,4,3,1,4,3,3,2,2,2
645,North America,22-39,Female,0,2,2,0,0,4,0,4,0,0,1
646,North America,22-39,Female,3,3,3,2,0,1,2,2,1,2,1
647,North America,22-39,Female,1,2,1,2,1,3,2,2,2,1,1
648,North America,22-39,Female,2,3,3,4,3,3,3,3,3,2,0
649,North America,22-39,Female,4,4,3,3,1,2,4,4,2,0,0
650,Europe,22-39,Female,2,4,3,3,1,4,2,3,2,4,2
651,North America,52-70,Female,2,4,4,4,1,3,1,3,2,1,1
652,North America,22-39,Female,4,4,4,3,3,4,2,3,4,4,2
653,North America,Under 22,Female,3,3,3,3,2,3,1,1,3,3,2
654,North America,22-39,Female,4,4,4,3,4,0,3,1,4,4,2
655,North America,39-52,Female,4,4,4,3,3,3,1,3,3,3,2
656,North America,52-70,Female,3,3,3,3,2,4,3,2,3,3,2
657,North America,22-39,Female,2,4,3,4,1,3,2,4,3,0,1
658,Europe,22-39,Female,4,3,4,4,2,3,3,2,4,3,2
659,North America,22-39,Female,4,4,4,4,2,3,3,2,4,4,2
660,North America,22-39,Female,4,3,4,3,3,2,0,3,3,3,2
661,Australia,22-39,Female,3,4,4,3,3,2,2,4,2,2,2
662,North America,22-39,Female,4,4,4,4,3,4,4,4,4,4,2
663,North America,22-39,Female,4,4,4,4,3,3,3,4,3,3,2
664,North America,22-39,Female,4,4,4,2,4,4,4,2,4,4,2
665,North America,22-39,Female,4,4,4,2,2,2,0,4,3,3,2
666,Europe,Under 22,Male,4,4,4,2,3,4,3,4,4,4,2
667,North America,22-39,Female,3,3,3,3,3,3,4,4,4,2,2
668,North America,Under 22,Female,4,4,4,4,3,4,2,2,4,4,2
669,Europe,52-70,Female,3,3,4,1,2,3,1,3,3,3,2
670,Asia,Under 22,Female,4,4,4,0,2,4,4,3,4,2,2
671,North America,22-39,Female,4,4,4,2,2,3,2,3,4,4,2
672,North America,22-39,Female,4,4,4,4,2,4,2,3,3,3,2
673,Europe,22-39,Female,3,4,4,3,0,4,4,4,4,2,1
674,North America,Under 22,Female,3,3,3,3,3,3,2,3,4,4,2
675,North America,22-39,Female,2,3,3,3,1,3,2,3,4,2,2
676,North America,22-39,Female,4,4,4,3,3,4,2,4,4,4,2
677,North America,22-39,Female,3,3,3,3,2,3,1,3,3,1,2
678,Europe,22-39,Female,4,4,4,3,2,2,2,3,3,4,2
679,Europe,22-39,Female,3,4,4,4,1,3,4,2,3,3,1
680,Asia,22-39,Female,4,4,4,3,3,2,3,3,3,4,2
681,North America,22-39,Female,4,3,4,4,2,4,2,1,3,3,2
682,North America,Under 22,Female,2,3,3,3,0,3,4,4,3,2,0
683,North America,Under 22,Male,4,4,4,3,2,4,3,2,3,4,1
684,North America,Under 22,Male,4,4,4,4,1,4,2,4,4,4,2
685,North America,Under 22,Female,3,4,4,4,3,3,0,3,4,4,2
686,Australia,22-39,Female,4,4,4,3,4,3,4,4,4,4,2
687,Europe,22-39,Female,4,4,4,3,3,3,1,3,4,4,2
688,North America,22-39,Female,4,4,4,1,2,3,1,3,4,3,2
689,North America,Under 22,Female,4,4,3,3,2,3,1,3,4,3,2
690,North America,52-70,Female,0,3,2,2,0,3,2,3,3,1,1
691,North America,22-39,Female,4,4,4,2,3,3,3,1,4,4,2
692,North America,22-39,Female,3,3,3,1,3,3,3,3,3,3,2
693,North America,22-39,Female,3,4,3,3,2,4,3,4,3,3,2
694,Europe,22-39,Female,2,3,3,3,1,4,4,4,3,4,2
695,North America,39-52,Female,4,4,4,4,3,3,3,3,4,4,2
696,Europe,52-70,Female,3,3,4,4,1,4,3,1,2,2,1
697,North America,22-39,Female,4,4,4,3,1,4,1,1,2,1,1
698,North America,52-70,Female,2,3,3,2,2,3,2,3,3,2,2
699,Europe,22-39,Female,3,4,4,1,2,4,4,2,3,4,2
700,North America,Under 22,Female,4,3,4,2,4,4,0,3,3,3,2
701,North America,22-39,Female,4,4,4,3,2,3,1,3,3,2,2
702,North America,22-39,Female,4,4,4,2,2,4,4,4,3,4,1
703,North America,22-39,Female,4,4,4,2,3,3,3,3,4,4,2
704,Australia,Under 22,Female,4,3,4,2,2,1,1,3,3,3,2
705,Europe,Under 22,Male,1,1,2,2,1,2,3,2,4,1,0
706,Europe,22-39,Female,2,3,3,3,1,4,4,4,2,1,1
707,South America,22-39,Female,3,3,3,4,1,4,3,2,3,3,1
708,North America,Under 22,Female,3,3,3,3,1,3,1,4,3,2,1
709,Europe,Under 22,Female,4,4,4,4,1,3,4,4,4,3,2
710,North America,39-52,Female,4,4,4,3,3,1,1,1,4,4,2
711,Europe,Under 22,Male,3,4,3,3,1,3,3,2,2,2,2
712,North America,22-39,Female,1,3,3,2,1,3,3,3,4,1,2
713,North America,Under 22,Female,4,4,4,3,1,3,4,4,4,3,2
714,North America,39-52,Female,4,4,3,2,4,3,1,3,2,2,2
715,North America,22-39,Female,4,4,4,4,1,3,4,1,3,3,1
716,North America,22-39,Female,3,3,3,3,2,4,2,2,2,3,1
717,North America,39-52,Female,4,3,4,4,3,2,1,3,2,3,1
718,Europe,Under 22,Female,3,3,3,3,2,2,3,2,2,3,1
719,Europe,22-39,Female,3,4,3,4,3,2,1,3,4,4,2
720,North America,39-52,Female,3,4,3,3,1,4,4,3,3,2,2
721,North America,22-39,Female,2,2,2,1,3,4,4,4,2,0,0
722,North America,22-39,Female,4,4,4,4,3,2,3,3,4,4,2
723,North America,22-39,Female,0,3,3,1,0,4,4,3,0,0,1
724,North America,22-39,Female,3,4,4,3,2,4,2,4,3,3,2
725,North America,22-39,Female,2,4,4,3,2,3,3,2,3,2,2
726,North America,Under 22,Female,3,3,3,3,2,3,3,3,3,3,2
727,North America,Under 22,Female,1,4,3,3,0,3,3,3,1,1,1
728,Asia,Under 22,Female,3,4,4,4,1,3,3,3,3,1,1
729,Europe,22-39,Female,4,4,4,2,3,1,3,1,3,3,2
730,Europe,22-39,Female,4,4,4,4,2,4,2,4,4,4,2
731,North America,22-39,Female,3,3,3,1,1,4,4,4,3,3,0
732,North America,22-39,Female,2,3,3,4,1,3,2,3,3,2,1
733,Europe,22-39,Female,4,3,3,3,2,2,2,3,4,3,2
734,North America,Under 22,Female,4,3,3,4,1,2,4,1,4,2,1
735,North America,22-39,Female,4,3,4,4,4,4,4,4,1,4,2
736,North America,22-39,Female,3,4,4,4,2,2,1,3,4,4,0
737,North America,22-39,Female,4,4,4,3,3,4,1,4,4,4,2
738,North America,Under 22,Female,4,4,4,4,3,3,1,2,4,4,2
739,North America,Under 22,Female,3,4,4,4,2,4,3,2,3,2,2
740,Europe,22-39,Female,3,4,2,2,1,2,2,4,2,4,2
741,North America,39-52,Female,4,4,4,3,1,3,1,4,2,3,2
742,Europe,Under 22,Female,1,3,4,4,2,3,2,3,4,2,2
743,North America,22-39,Female,3,4,4,4,2,3,3,2,3,3,2
744,Europe,52-70,Female,4,4,4,3,3,4,4,2,4,4,2
745,North America,22-39,Female,4,4,4,4,3,3,0,3,3,4,2
746,North America,22-39,Female,4,4,4,4,2,4,4,4,4,3,2
747,North America,Under 22,Female,3,3,3,3,3,3,2,2,3,2,2
748,Europe,39-52,Female,3,3,3,2,2,4,2,3,2,3,2
749,Europe,22-39,Female,3,3,3,4,2,3,3,3,3,3,2
750,Africa,Under 22,Female,3,3,3,3,3,3,4,3,4,3,2
751,Europe,Under 22,Female,4,3,4,2,2,2,2,3,3,4,1
752,North America,22-39,Female,4,4,4,4,2,3,4,3,4,4,2
753,North America,Under 22,Female,3,4,4,4,2,4,1,4,4,3,2
754,North America,22-39,Female,4,4,4,4,3,3,3,4,4,4,2
755,Australia,39-52,Female,4,4,4,1,3,2,4,4,4,4,2
756,North America,22-39,Female,3,4,2,1,4,4,4,4,4,1,1
757,Europe,22-39,Female,4,4,4,0,2,3,3,4,4,4,2
758,North America,Under 22,Female,3,4,3,2,1,3,0,3,3,3,0
759,Europe,39-52,Female,3,3,3,4,0,3,3,3,3,2,2
760,North America,Under 22,Female,4,4,4,4,4,4,4,4,4,4,2
761,Europe,Under 22,Female,3,4,4,3,3,4,4,3,4,4,1
762,Europe,Under 22,Female,3,3,3,4,2,2,1,3,4,4,2
763,Europe,Under 22,Female,3,3,3,2,2,4,3,3,4,3,1
764,North America,52-70,Female,4,4,4,4,2,3,1,4,4,4,2
765,North America,Under 22,Female,4,4,4,4,2,3,1,3,4,4,2
766,North America,22-39,Female,3,4,4,3,1,3,2,2,4,3,2
767,Europe,Under 22,Female,4,4,4,2,4,4,4,4,4,3,2
768,Europe,Under 22,Female,4,3,3,3,3,3,3,2,3,4,2
769,North America,22-39,Female,2,4,4,1,1,3,1,3,3,1,2
770,North America,22-39,Female,4,4,4,4,4,3,2,3,4,3,2
771,North America,39-52,Female,1,3,2,3,1,4,4,4,3,1,1
772,Asia,22-39,Female,4,4,4,2,3,4,4,2,4,4,2
773,North America,Under 22,Female,3,4,4,4,2,2,2,3,3,3,1
774,Australia,22-39,Female,3,4,4,1,2,4,2,4,3,1,2
775,North America,Under 22,Female,4,3,4,3,3,3,3,4,3,3,2
776,North America,22-39,Female,3,4,3,4,2,3,2,4,4,2,1
777,Europe,22-39,Female,2,3,3,2,0,3,3,4,4,2,1
778,North America,22-39,Female,4,4,4,4,1,2,1,2,4,1,2
779,North America,22-39,Female,3,4,3,2,1,3,1,1,3,1,1
780,North America,22-39,Female,3,4,3,3,2,3,1,3,3,2,1
781,Europe,22-39,Female,4,3,4,3,2,4,2,2,4,3,0
782,North America,39-52,Female,4,3,3,3,2,3,1,0,4,3,2
783,North America,22-39,Female,4,4,4,3,4,3,1,1,4,3,2
784,South America,Under 22,Male,4,4,4,4,1,3,4,4,4,4,2
785,North America,Under 22,Female,4,4,4,4,4,3,1,1,4,4,2
786,North America,22-39,Female,3,4,4,3,3,3,3,3,3,1,0
787,North America,Under 22,Female,3,3,3,4,1,3,2,4,4,4,2
788,North America,Under 22,Female,3,4,3,3,1,2,2,2,3,3,2
789,Europe,Under 22,Female,4,4,4,3,4,3,1,3,3,3,2
790,North America,Under 22,Female,4,4,4,4,3,3,1,4,4,4,2
791,Europe,22-39,Female,4,3,3,2,3,3,2,4,3,2,2
792,Europe,22-39,Female,3,2,2,3,2,4,3,3,2,1,0
793,North America,Under 22,Female,3,4,3,2,1,3,1,3,3,2,2
794,North America,22-39,Female,3,3,4,4,2,4,4,3,3,2,1
795,South America,Under 22,Female,4,4,4,4,3,2,1,2,4,4,2
796,North America,Under 22,Female,2,3,3,2,1,2,2,3,1,1,1
797,North America,22-39,Female,4,4,4,3,4,2,1,3,4,4,2
798,North America,22-39,Female,3,3,2,0,1,4,3,1,0,0,1
799,North America,22-39,Female,4,4,4,3,2,3,3,4,4,2,2
800,North America,22-39,Female,1,3,3,3,1,4,3,3,3,1,0
801,North America,22-39,Female,2,3,2,2,0,3,1,3,3,2,1
802,North America,22-39,Female,4,4,4,4,1,1,1,4,3,3,2
803,North America,22-39,Female,3,3,3,1,3,3,3,3,4,4,2
804,North America,39-52,Female,4,4,3,3,3,2,1,1,3,3,2
805,Australia,22-39,Female,3,3,4,4,3,3,4,4,4,3,2
806,North America,22-39,Female,4,3,3,3,1,4,4,4,3,3,2
807,Europe,22-39,Female,2,4,2,0,0,2,2,4,3,3,0
808,North America,22-39,Female,4,4,4,3,2,3,3,4,4,3,2
809,North America,39-52,Female,4,4,4,3,1,3,1,4,2,2,2
810,North America,Under 22,Female,2,3,3,3,1,3,2,3,2,0,1
811,North America,22-39,Female,3,4,4,4,4,3,3,3,3,2,2
812,North America,22-39,Female,3,3,3,3,1,3,2,4,2,1,1
813,North America,70+,Other,4,4,4,4,4,3,3,2,4,4,2
814,North America,22-39,Female,3,4,3,3,1,3,3,3,3,0,1
815,Europe,22-39,Female,3,3,4,3,2,1,3,3,4,3,2
816,North America,Under 22,Female,3,4,4,4,2,3,3,3,4,3,1
817,North America,52-70,Female,1,4,4,2,0,3,3,4,2,0,1
818,South America,22-39,Female,4,4,3,3,3,3,2,3,4,4,2
819,North America,22-39,Female,4,4,4,0,3,2,0,3,3,2,2
820,Europe,Under 22,Female,3,3,3,3,1,3,1,4,4,3,1
821,North America,Under 22,Female,2,3,3,3,0,3,2,4,2,1,1
822,North America,22-39,Female,3,2,3,2,2,4,4,4,3,1,1
823,North America,22-39,Female,4,4,4,4,3,2,1,3,2,3,2
824,North America,Under 22,Female,3,4,3,3,2,4,4,4,3,4,2
825,Europe,22-39,Female,3,4,4,3,1,3,1,2,4,3,1
826,North America,22-39,Female,4,4,3,3,3,3,2,3,3,2,1
827,North America,Under 22,Female,1,3,2,3,1,4,2,3,3,2,2
828,North America,Under 22,Female,4,4,4,3,1,3,2,3,3,2,1
829,Europe,52-70,Female,4,4,4,3,1,3,2,2,4,3,2
830,Europe,Under 22,Female,3,3,4,3,1,4,4,4,2,1,1
831,North America,22-39,Female,4,3,3,2,3,1,2,2,3,2,2
832,North America,22-39,Female,3,3,3,3,2,2,2,3,2,2,2
833,North America,Under 22,Prefer not to say,3,3,3,3,1,3,2,3,2,3,1
834,North America,22-39,Female,4,3,4,4,2,4,4,4,4,4,2
835,North America,Under 22,Female,4,4,4,3,2,3,2,3,3,3,2
836,Europe,Under 22,Female,2,3,3,4,1,2,2,2,3,4,1
837,North America,Under 22,Female,4,4,4,2,2,3,3,3,1,4,2
838,North America,Under 22,Female,3,4,4,4,2,3,2,3,4,4,1
839,Europe,22-39,Female,4,4,3,3,1,4,4,3,4,2,1
840,North America,22-39,Female,4,4,3,3,2,0,3,3,4,4,2
841,Europe,Under 22,Female,3,4,3,4,1,2,2,3,3,2,1
842,Asia,Under 22,Female,4,4,4,0,0,4,4,4,3,3,0
843,North America,22-39,Female,4,4,4,3,2,3,3,3,4,4,2
844,North America,Under 22,Female,4,4,4,2,2,3,2,3,4,4,2
845,Europe,Under 22,Female,3,3,3,2,2,3,2,3,2,3,2
846,North America,22-39,Female,3,3,4,3,1,3,3,3,3,3,2
847,North America,Under 22,Female,4,4,4,4,2,4,4,4,3,2,2
848,North America,22-39,Female,3,3,4,4,1,4,4,3,3,4,2
849,North America,22-39,Female,1,1,3,2,1,3,1,1,3,1,1
850,North America,22-39,Female,3,3,4,3,1,3,3,3,3,4,2
851,Europe,22-39,Female,4,4,4,2,4,3,1,1,4,4,2
852,North America,Under 22,Female,3,4,4,3,4,3,2,3,4,3,2
853,Europe,22-39,Female,4,4,2,3,2,3,1,3,3,2,2
854,North America,Under 22,Female,4,3,3,3,2,4,4,4,3,4,2
855,North America,Under 22,Female,4,3,4,4,1,3,2,3,3,3,2
856,North America,22-39,Female,3,4,4,3,3,3,2,4,4,1,2
857,Europe,Under 22,Female,3,3,4,4,2,2,2,3,3,3,2
858,North America,22-39,Prefer not to say,4,4,4,3,4,3,4,3,3,4,2
859,Europe,22-39,Female,4,4,4,4,0,4,3,3,4,4,2
860,North America,22-39,Female,3,4,4,2,1,3,2,3,3,1,1
861,North America,22-39,Female,2,3,4,3,0,4,0,3,2,2,1
862,North America,Under 22,Female,4,4,4,4,3,3,1,1,4,4,2
863,North America,22-39,Female,3,3,3,3,2,3,1,3,3,1,2
864,North America,Under 22,Female,4,4,4,4,4,3,1,2,3,4,2
865,North America,22-39,Female,4,3,3,3,2,3,1,3,2,2,2
866,North America,22-39,Female,3,4,3,2,1,4,2,4,3,2,0
867,North America,Under 22,Female,3,3,3,2,1,4,1,3,3,1,2
868,North America,22-39,Female,3,3,3,3,0,2,2,4,2,1,1
869,North America,Under 22,Female,4,4,4,4,2,4,3,3,3,3,2
870,Europe,Under 22,Female,1,3,1,3,0,3,4,3,2,1,1
871,North America,Under 22,Female,4,4,4,4,3,3,2,2,4,4,2
872,North America,Under 22,Female,4,3,3,3,1,3,1,3,3,3,1
873,Europe,Under 22,Prefer not to say,3,4,4,3,4,2,3,3,2,4,2
874,Asia,22-39,Female,3,3,3,3,1,3,3,2,3,2,2
875,North America,22-39,Female,4,4,3,4,3,3,3,4,3,3,2
876,Asia,22-39,Female,2,3,4,3,0,4,3,3,3,1,1
877,North America,Under 22,Female,2,4,4,4,2,4,2,1,4,1,1
878,Europe,22-39,Female,2,3,3,3,2,2,3,3,2,2,1
879,North America,22-39,Female,3,4,3,2,2,2,1,3,3,2,2
880,North America,22-39,Female,4,3,3,2,3,3,3,4,3,2,2
881,Europe,22-39,Female,4,4,4,3,2,4,4,4,4,3,2
882,Africa,Under 22,Female,3,4,4,4,2,3,4,2,4,4,2
883,Europe,Under 22,Male,4,4,4,3,3,2,1,4,4,4,2
884,Europe,Under 22,Male,4,4,4,2,3,4,2,3,3,2,2
885,Europe,22-39,Female,3,4,4,4,3,3,3,3,4,1,1
886,North America,Under 22,Female,4,4,4,3,3,3,1,2,4,3,2
887,South America,Under 22,Female,3,4,4,4,3,4,4,3,4,3,1
888,North America,39-52,Female,2,3,3,3,1,4,1,3,3,2,2
889,North America,22-39,Female,3,3,2,2,1,3,3,3,3,3,2
890,Europe,22-39,Female,4,4,4,3,2,3,3,3,3,3,1
891,North America,22-39,Female,4,4,4,4,4,3,3,1,4,4,2
892,North America,22-39,Female,4,4,4,4,2,3,3,4,4,3,2
893,Europe,Under 22,Female,4,4,4,4,3,2,3,3,3,2,2
894,North America,22-39,Female,1,3,4,4,0,4,2,4,4,0,1
895,Europe,Under 22,Female,3,4,3,3,1,2,2,3,2,1,2
896,North America,52-70,Female,4,4,4,3,3,4,3,2,3,3,2
897,Europe,Under 22,Female,2,3,3,2,0,4,4,2,3,2,1
898,North America,Under 22,Female,4,4,4,4,1,3,1,4,3,3,2
899,North America,22-39,Female,3,3,3,3,1,4,2,1,1,1,1
900,North America,Under 22,Female,4,4,4,2,4,2,4,0,4,4,2
901,South America,22-39,Female,3,3,3,2,2,2,3,4,4,2,1
902,Europe,22-39,Female,4,3,3,3,1,2,1,1,3,2,1
903,Europe,22-39,Female,3,3,3,4,2,4,3,3,4,2,2
904,North America,22-39,Female,3,4,4,4,3,2,2,1,3,2,2
905,North America,22-39,Female,2,4,4,4,0,4,2,2,4,3,0
906,Asia,Under 22,Female,2,4,3,2,1,3,4,4,4,2,1
907,North America,Under 22,Female,2,3,2,2,1,2,1,3,3,0,1
908,North America,22-39,Female,3,3,3,2,1,3,1,3,3,2,1
909,North America,22-39,Female,3,3,3,2,2,3,2,3,3,2,2
910,North America,22-39,Female,4,4,4,2,1,2,4,3,4,4,2
911,North America,Under 22,Female,3,4,4,3,3,3,1,1,4,2,2
912,Europe,22-39,Female,4,4,3,3,3,3,4,1,4,4,2
913,North America,52-70,Female,4,4,3,4,2,3,2,4,4,2,2
914,North America,Under 22,Female,4,4,4,2,4,1,1,2,4,4,2
915,Europe,22-39,Female,4,4,4,1,4,3,2,2,4,4,2
916,North America,Under 22,Male,3,4,4,4,1,4,2,4,3,3,1
917,South America,22-39,Female,2,3,3,3,1,3,2,3,3,2,1
918,Europe,22-39,Female,3,4,4,4,2,4,2,3,4,4,0
919,North America,Under 22,Female,1,3,2,3,1,3,2,3,3,1,2
920,North America,22-39,Female,3,4,4,3,2,3,2,4,4,1,2
921,Europe,22-39,Female,2,4,4,2,1,4,1,4,3,1,2
922,Europe,Under 22,Female,4,4,4,4,2,3,1,2,4,3,2
923,North America,22-39,Female,4,4,4,4,3,3,4,2,4,3,2
924,North America,22-39,Female,2,3,3,2,2,3,2,3,2,1,1
925,North America,22-39,Other,1,4,4,3,0,3,4,4,4,3,1
926,Europe,Under 22,Female,3,4,3,2,1,3,3,2,4,3,2
927,Europe,39-52,Female,2,3,3,2,1,4,2,3,3,3,1
928,North America,22-39,Female,4,4,4,3,3,3,4,4,4,4,2
929,North America,22-39,Female,0,4,2,4,2,4,4,0,2,2,0
930,Europe,22-39,Female,3,4,4,3,2,4,4,4,4,3,2
931,Europe,22-39,Female,4,4,4,4,4,2,0,3,4,4,2
932,North America,39-52,Female,4,3,4,3,2,3,2,3,3,4,2
933,North America,Under 22,Female,3,3,4,3,4,3,3,1,4,3,2
934,North America,22-39,Female,3,4,3,3,2,4,1,3,4,2,2
935,Australia,22-39,Female,4,4,4,3,2,2,2,1,3,3,2
936,North America,22-39,Male,4,4,4,2,4,3,2,4,4,4,2
937,North America,22-39,Female,3,4,4,4,1,4,3,2,4,2,2
938,North America,22-39,Female,4,3,4,4,3,3,2,3,4,4,2
939,North America,22-39,Male,4,4,4,3,2,4,1,3,3,3,2
940,North America,Under 22,Female,4,4,4,4,3,3,1,2,4,4,2
941,Europe,Under 22,Other,4,4,3,2,3,1,0,1,4,4,2
942,South America,22-39,Female,1,3,3,4,1,4,4,1,3,1,1
943,North America,52-70,Female,4,4,4,4,2,3,1,2,4,4,2
944,North America,22-39,Female,4,4,4,3,2,3,4,2,3,2,2
945,Europe,Under 22,Female,1,3,3,3,1,4,3,4,3,1,2
946,Europe,Under 22,Female,3,4,4,4,2,3,4,4,4,4,2
947,Europe,Under 22,Female,1,4,3,0,0,3,4,3,2,1,1
948,North America,39-52,Female,4,4,4,3,3,4,2,4,4,4,2
949,North America,22-39,Female,4,3,3,3,3,3,1,3,4,3,2
950,Europe,22-39,Female,4,4,4,3,3,3,4,4,4,2,2
951,Europe,22-39,Female,4,4,4,3,4,3,0,4,1,4,2
952,North America,Under 22,Female,4,4,4,4,3,3,1,4,3,4,2
953,North America,22-39,Female,4,4,4,2,3,3,3,4,3,3,2
954,North America,22-39,Female,4,4,4,4,4,3,3,3,4,4,2
955,South America,22-39,Female,4,4,4,3,3,4,4,4,4,4,1
956,Europe,Under 22,Female,2,4,4,4,2,4,3,4,4,4,2
957,North America,22-39,Female,4,4,4,4,3,4,3,4,4,4,2
958,North America,Under 22,Female,4,4,4,3,2,3,1,4,4,3,1
959,Europe,22-39,Female,2,2,4,2,1,3,3,3,2,0,1
960,North America,39-52,Female,4,4,4,4,3,4,2,3,4,4,2
961,North America,22-39,Female,3,4,4,3,0,3,0,4,3,3,2
962,North America,22-39,Female,2,3,3,1,2,3,3,3,3,3,1
963,North America,Under 22,Female,4,4,4,4,3,3,2,3,4,4,2
964,North America,Under 22,Female,4,4,4,3,1,3,2,4,4,3,2
965,North America,Under 22,Female,3,4,4,1,1,2,2,3,4,2,2
966,Australia,Under 22,Female,2,4,4,1,0,4,2,3,3,2,0
967,Europe,22-39,Male,3,3,3,3,1,3,3,3,3,3,2
968,Europe,39-52,Female,4,4,3,3,3,3,3,3,4,4,2
969,Europe,Under 22,Male,3,4,3,2,2,4,2,2,2,2,2
970,North America,22-39,Female,4,4,3,3,2,3,4,4,2,3,2
971,Asia,22-39,Male,2,3,3,4,1,4,4,4,3,3,2
972,North America,Under 22,Female,3,3,4,3,1,3,0,3,3,2,1
973,North America,52-70,Male,3,3,4,4,3,2,2,3,3,3,2
974,North America,39-52,Female,4,4,4,1,3,4,3,4,4,4,2
975,North America,Under 22,Female,4,3,4,3,1,4,3,3,4,3,2
976,North America,39-52,Female,3,4,3,2,2,3,3,3,4,3,2
977,Australia,Under 22,Female,4,4,4,4,2,2,1,3,3,3,2
978,North America,Under 22,Female,1,3,3,3,0,2,3,4,4,3,1
979,North America,22-39,Female,4,4,4,4,3,2,2,2,4,3,2
980,North America,22-39,Female,4,4,4,3,2,4,1,4,4,4,2
981,North America,22-39,Female,2,3,3,4,2,4,2,3,3,0,1
982,North America,22-39,Female,4,4,4,4,4,2,1,3,4,4,2
983,Europe,22-39,Female,4,4,4,3,3,1,1,3,3,3,2
984,North America,22-39,Male,3,4,4,4,2,3,4,4,3,4,2
985,North America,Under 22,Female,4,4,4,2,4,2,0,3,4,4,2
986,South America,Under 22,Female,4,4,4,3,1,1,0,4,2,2,2
987,North America,22-39,Female,4,4,4,3,3,3,2,3,4,2,2
988,North America,52-70,Female,1,3,3,2,1,4,0,4,2,2,2
989,North America,22-39,Female,3,3,4,3,0,4,2,2,2,1,1
990,North America,22-39,Female,3,4,3,3,1,3,3,1,3,2,2
991,North America,Under 22,Female,4,4,4,4,3,3,2,3,4,4,2
992,North America,22-39,Female,4,4,4,4,2,3,2,2,4,4,1
993,North America,22-39,Female,3,4,3,3,1,3,2,3,3,3,1
994,Europe,22-39,Female,4,4,4,4,4,3,4,4,4,4,2
995,North America,Under 22,Female,4,3,3,3,2,2,1,2,2,4,2
996,Europe,39-52,Female,3,3,3,3,2,3,3,3,2,3,2
997,North America,Under 22,Female,3,3,4,4,3,3,4,2,4,4,1
998,North America,22-39,Female,4,4,4,3,1,3,2,3,4,3,2
999,Europe,Under 22,Female,1,4,1,0,0,3,0,3,4,2,1
1000,Europe,Under 22,Female,3,3,4,3,1,3,3,4,4,2,2
1001,North America,22-39,Female,4,4,4,3,1,3,1,1,3,1,2
1002,Europe,Under 22,Female,3,4,4,1,3,3,3,3,4,4,2
1003,North America,Under 22,Female,4,3,1,3,2,3,2,4,4,4,1
1004,North America,52-70,Female,4,3,4,3,2,3,2,3,3,4,2
1005,Asia,22-39,Female,4,4,4,4,3,4,4,3,4,3,2
1006,Europe,22-39,Female,2,4,3,3,1,4,3,4,3,2,2
1007,Europe,22-39,Female,4,3,3,4,2,3,3,4,3,3,2
1008,Europe,Under 22,Male,4,3,4,2,3,3,1,2,4,4,2
1009,North America,Under 22,Female,2,3,2,2,2,4,1,4,2,2,2
1010,North America,22-39,Female,3,4,4,4,2,4,3,4,4,3,0
1011,Asia,22-39,Female,3,4,4,4,1,1,4,3,4,4,2
1012,Australia,22-39,Female,3,4,4,4,4,4,4,4,3,3,2
1013,Europe,39-52,Female,3,4,4,2,2,2,2,3,4,2,2
1014,North America,Under 22,Female,1,3,1,2,0,4,0,3,2,0,1
1015,Europe,22-39,Female,4,4,4,4,3,3,4,2,3,4,1
1016,South America,Under 22,Female,4,4,4,2,1,4,4,3,4,4,2
1017,Asia,22-39,Female,3,3,3,3,2,4,4,4,4,4,2
1018,Europe,22-39,Female,1,3,3,3,1,3,3,3,3,2,1
1019,Europe,Under 22,Female,3,3,3,4,3,4,4,1,1,3,0
1020,North America,22-39,Female,4,4,4,3,4,3,3,4,4,4,2
1021,North America,22-39,Female,4,4,4,4,3,3,3,3,4,4,2
1022,North America,Under 22,Female,4,3,4,2,1,3,2,2,3,2,1
1023,North America,39-52,Female,4,4,4,4,3,3,3,2,4,4,2
1024,North America,22-39,Female,3,4,4,4,1,4,3,2,4,4,2
1025,Europe,22-39,Female,4,4,4,3,1,3,3,1,4,3,2
1026,Asia,22-39,Female,3,3,3,3,2,3,3,3,3,3,2
1027,North America,Under 22,Female,2,3,3,3,1,0,4,4,3,3,2
1028,North America,Under 22,Female,3,3,3,2,3,3,3,2,3,4,2
1029,North America,Under 22,Female,2,4,3,3,3,2,1,2,3,2,1
1030,Australia,Under 22,Female,3,3,3,2,2,3,2,3,3,3,1
1031,Asia,Under 22,Female,3,4,3,2,1,3,4,3,3,3,2
1032,Europe,22-39,Female,4,4,4,3,0,4,4,4,4,4,2
1033,North America,39-52,Female,4,4,4,2,1,3,1,3,4,3,2
1034,Europe,22-39,Female,2,3,4,4,2,4,3,4,3,1,2
1035,North America,22-39,Female,3,3,4,4,4,3,4,3,3,2,2
1036,North America,Under 22,Female,3,4,4,3,3,4,4,1,4,3,2
1037,North America,Under 22,Male,3,3,4,4,3,3,0,2,4,4,2
1038,North America,Under 22,Female,3,2,4,4,3,3,4,4,4,2,1
1039,Europe,Under 22,Female,4,4,4,4,4,3,4,4,4,4,2
1040,North America,22-39,Female,3,4,4,3,3,3,3,3,3,3,2
1041,North America,39-52,Female,2,3,3,3,1,3,2,4,2,0,1
1042,North America,Under 22,Female,4,4,4,4,0,2,2,3,4,3,2
1043,North America,Under 22,Female,3,3,3,1,3,3,2,1,4,3,2
1044,North America,22-39,Female,4,4,4,2,1,3,4,3,4,2,2
1045,North America,22-39,Female,3,4,4,3,1,3,1,1,2,1,2
1046,North America,39-52,Female,4,4,4,4,2,4,4,3,4,4,2
1047,North America,22-39,Female,4,4,4,4,4,3,2,3,4,4,2
1048,Australia,22-39,Female,4,4,4,3,3,4,3,2,4,3,2
1049,North America,22-39,Female,4,4,4,4,3,4,1,2,4,4,2
1050,North America,39-52,Female,1,2,2,2,1,3,2,2,1,1,0
1051,Europe,Under 22,Female,4,4,4,3,2,3,3,3,4,4,1
1052,Europe,22-39,Female,4,4,4,4,4,3,3,4,4,3,2
1053,North America,22-39,Female,4,4,4,4,3,3,4,2,4,4,2
1054,North America,Under 22,Female,3,3,3,3,3,3,2,3,3,3,2
1055,North America,22-39,Female,4,4,4,4,0,4,4,4,4,3,2
1056,Europe,22-39,Female,3,3,3,3,0,3,2,4,3,2,1
1057,Europe,22-39,Female,3,4,3,2,1,4,4,3,2,2,1
1058,Europe,22-39,Female,3,3,3,4,1,4,4,4,0,1,1
1059,Europe,Under 22,Female,4,4,4,3,2,4,3,3,4,4,2
1060,North America,22-39,Female,4,4,4,3,2,3,0,3,4,2,2
1061,Australia,22-39,Female,4,4,4,4,2,3,1,3,3,4,2
1062,Europe,22-39,Female,2,4,4,4,1,4,4,4,4,2,1
1063,Europe,22-39,Female,4,4,4,3,3,3,2,4,4,3,2
1064,North America,Under 22,Female,4,4,4,4,2,3,3,3,4,4,2
1065,Europe,39-52,Male,4,4,4,4,4,3,3,4,4,4,2
1066,North America,22-39,Female,4,4,4,4,2,4,2,4,2,0,1
1067,Europe,22-39,Female,4,4,4,2,3,2,4,3,4,4,2
1068,North America,Under 22,Female,0,3,2,3,0,4,1,3,0,0,1
1069,North America,22-39,Female,4,4,3,3,2,3,3,3,4,3,2
1070,Europe,Under 22,Female,3,2,3,1,2,3,1,3,3,2,1
1071,Europe,22-39,Female,3,3,2,1,1,4,0,3,3,2,2
1072,North America,Under 22,Female,4,4,4,4,3,3,1,3,4,4,2
1073,Europe,22-39,Female,3,4,3,4,0,4,3,4,4,3,2
1074,North America,Under 22,Female,4,4,4,3,4,4,2,3,4,4,2
1075,North America,22-39,Female,3,3,3,4,1,3,3,3,3,2,2
1076,Europe,22-39,Female,4,4,4,3,3,3,3,4,4,4,2
1077,North America,Under 22,Female,3,4,4,1,1,3,3,3,4,4,1
1078,Europe,Under 22,Female,4,4,4,4,4,3,2,3,3,3,2
1079,North America,Under 22,Female,4,4,4,4,3,3,2,4,4,4,2
1080,Australia,52-70,Female,3,4,3,3,2,4,2,4,3,3,2
1081,Europe,22-39,Female,4,3,3,3,2,2,3,3,3,2,2
1082,Europe,22-39,Female,3,4,4,1,3,3,3,2,4,3,0
1083,North America,Under 22,Prefer not to say,2,3,4,3,1,4,2,3,3,2,2
1084,Europe,22-39,Female,3,3,3,3,1,4,1,3,3,2,2
1085,North America,Under 22,Male,4,4,4,3,3,3,1,4,4,4,2
1086,North America,Under 22,Female,4,4,4,4,2,3,3,4,2,3,0
1087,North America,52-70,Female,3,4,4,4,2,3,4,3,4,4,2
1088,North America,Under 22,Female,2,3,3,3,1,3,2,3,2,2,2
1089,Europe,Under 22,Female,2,3,3,2,3,4,2,4,2,2,1
1090,North America,Under 22,Female,4,4,4,4,4,4,1,1,2,4,2
1091,North America,Under 22,Female,4,4,4,2,4,3,2,4,4,4,2
1092,North America,39-52,Female,2,3,3,4,1,4,4,3,2,2,0
1093,North America,22-39,Female,4,4,4,3,2,3,2,3,4,3,2
1094,North America,22-39,Female,4,4,4,4,2,4,2,3,3,3,2
1095,North America,22-39,Female,3,4,4,3,3,3,2,4,3,2,0
1096,North America,Under 22,Female,4,3,4,2,3,4,4,4,4,3,2
1097,Europe,52-70,Female,4,4,3,2,3,2,3,4,4,3,2
1098,North America,Under 22,Female,3,4,3,3,2,3,4,3,3,2,1
1099,North America,52-70,Female,3,4,4,4,0,4,4,3,4,3,1
1100,Australia,22-39,Female,4,4,4,4,3,4,3,3,4,4,2
1101,Australia,Under 22,Female,4,3,4,4,2,4,3,3,4,3,2
1102,Europe,52-70,Female,1,4,3,1,2,4,2,4,2,0,2
1103,Asia,22-39,Female,4,4,3,2,2,2,3,4,4,4,2
1104,North America,52-70,Female,4,4,4,4,3,4,2,4,3,3,2
1105,North America,Under 22,Female,4,4,3,4,3,3,1,3,3,3,2
1106,North America,22-39,Female,2,3,2,3,2,4,2,4,2,1,1
1107,North America,22-39,Female,4,4,4,4,3,3,0,3,4,3,2
1108,Australia,22-39,Female,4,4,4,3,2,4,4,3,3,4,2
1109,Europe,52-70,Female,4,4,4,3,1,3,1,4,3,2,1
1110,Europe,Under 22,Female,3,3,3,3,1,3,1,4,3,2,1
1111,North America,Under 22,Female,3,4,4,4,3,3,2,3,4,3,2
1112,Europe,39-52,Female,4,4,3,2,3,1,2,1,3,3,2
1113,North America,22-39,Female,3,4,4,2,0,3,4,4,4,2,1
1114,North America,22-39,Female,1,3,3,3,0,3,2,3,3,2,1
1115,Europe,Under 22,Female,2,3,3,3,1,3,1,3,3,2,1
1116,Europe,Under 22,Female,3,4,3,2,2,1,2,4,3,2,2
1117,North America,22-39,Male,2,3,3,2,0,3,2,3,2,2,1
1118,North America,Under 22,Female,3,4,4,4,2,3,3,1,3,3,1
1119,North America,22-39,Female,1,4,4,4,1,2,1,3,4,4,2
1120,Australia,Under 22,Female,1,2,1,3,2,3,2,2,2,2,2
1121,Europe,Under 22,Female,4,4,4,3,4,3,3,3,4,4,2
1122,North America,22-39,Female,3,4,4,3,2,3,2,1,4,3,2
1123,North America,Under 22,Female,3,4,4,3,2,3,3,2,3,1,2
1124,North America,Under 22,Female,3,3,4,2,4,3,3,3,4,4,2
1125,Australia,22-39,Female,1,3,3,4,2,4,4,3,3,4,1
1126,North America,52-70,Female,1,3,3,2,1,4,3,4,3,3,1
1127,North America,Under 22,Female,4,4,4,4,3,4,3,3,4,4,2
1128,North America,Under 22,Female,4,4,4,3,4,3,0,2,4,4,2
1129,North America,22-39,Female,4,4,4,4,1,3,3,3,4,3,1
1130,North America,Under 22,Female,4,4,4,4,1,3,2,3,3,3,2
1131,North America,22-39,Female,3,3,3,2,1,3,1,4,3,2,1
1132,Asia,Under 22,Female,3,4,3,4,3,3,4,4,3,4,1
1133,North America,39-52,Female,2,4,3,1,1,3,3,1,3,1,2
1134,North America,Under 22,Female,4,4,4,3,3,4,1,4,3,3,2
1135,Europe,22-39,Female,4,4,4,2,2,3,0,3,4,3,2
1136,North America,Under 22,Female,0,4,3,3,2,3,3,3,2,2,2
1137,Europe,22-39,Female,4,4,4,4,3,4,4,3,3,4,0
1138,Asia,22-39,Female,1,2,0,3,1,4,1,3,0,1,1
1139,North America,22-39,Female,4,4,4,4,2,3,1,4,4,4,2
1140,North America,Under 22,Female,3,3,3,3,2,2,2,2,3,2,1
1141,Asia,22-39,Female,0,4,1,0,1,2,4,3,2,0,1
1142,North America,22-39,Female,2,3,3,3,3,4,4,4,3,3,2
1143,North America,Under 22,Female,2,4,3,4,0,2,2,4,2,4,1
1144,North America,39-52,Female,4,3,4,3,3,3,1,3,3,2,2
1145,North America,Under 22,Female,3,3,4,3,2,3,3,4,3,3,2
1146,Europe,22-39,Female,2,3,2,3,1,2,4,3,3,2,1
1147,Australia,22-39,Female,4,4,4,3,3,3,1,3,4,3,2
1148,Europe,Under 22,Female,2,3,4,1,1,2,2,4,2,1,1
1149,Europe,Under 22,Female,4,4,4,2,1,1,4,4,4,4,1
1150,Europe,Under 22,Female,3,4,4,3,1,3,1,4,3,3,1
1151,Europe,Under 22,Female,4,4,4,3,2,2,2,3,3,4,2
1152,North America,39-52,Female,3,4,4,4,3,2,1,3,4,2,1
1153,North America,Under 22,Female,4,4,4,4,3,3,3,3,4,4,1
1154,North America,22-39,Female,4,4,4,4,4,3,3,3,4,4,2
1155,Europe,22-39,Female,3,4,4,0,1,3,2,3,3,3,2
1156,Europe,22-39,Female,4,4,4,3,3,3,4,3,3,4,2
1157,North America,Under 22,Female,4,4,4,4,3,4,4,4,4,4,2
1158,North America,22-39,Female,4,4,4,4,1,2,2,3,3,3,2
1159,Europe,39-52,Female,4,4,4,4,3,2,2,3,4,4,2
1160,North America,22-39,Female,3,4,3,2,1,4,2,3,3,2,1
1161,Europe,52-70,Female,4,4,4,4,3,3,3,1,3,3,2
1162,Europe,22-39,Female,4,4,4,4,3,3,2,3,4,4,2
1163,North America,39-52,Female,3,4,3,3,1,4,3,2,3,3,2
1164,Europe,22-39,Female,4,4,4,2,3,3,2,2,4,4,2
1165,Asia,Under 22,Male,3,4,3,4,2,3,4,4,3,1,1
1166,North America,22-39,Female,4,4,3,3,1,3,3,4,3,2,2
1167,North America,39-52,Female,2,4,3,1,2,3,2,1,4,3,2
1168,North America,22-39,Female,4,4,4,4,3,3,3,3,4,4,2
1169,Europe,22-39,Female,3,3,4,2,2,3,2,3,3,3,2
1170,North America,Under 22,Female,4,3,2,3,2,4,4,4,4,3,1
1171,North America,Under 22,Female,4,3,4,4,3,4,3,4,4,4,2
1172,Europe,22-39,Female,3,3,3,3,2,2,3,3,4,4,1
1173,Europe,22-39,Male,3,2,2,2,2,2,2,2,2,2,0
1174,Europe,39-52,Female,4,4,4,4,3,4,3,4,4,4,2
1175,North America,52-70,Female,2,3,2,3,1,4,4,4,3,3,1
1176,North America,Under 22,Female,3,2,4,4,1,3,2,4,3,3,2
1177,North America,39-52,Female,3,4,3,3,1,3,3,3,3,3,2
1178,Australia,39-52,Female,1,3,2,2,1,4,3,2,2,2,0
1179,North America,Under 22,Female,1,3,1,2,1,3,3,3,1,1,1
1180,Europe,Under 22,Female,4,4,4,4,1,2,2,3,2,1,1
1181,North America,Under 22,Female,3,3,3,2,0,3,1,2,3,2,1
1182,South America,39-52,Female,3,4,4,4,1,2,2,3,3,3,1
1183,North America,Under 22,Female,4,4,4,4,2,3,3,3,4,4,2
1184,Europe,22-39,Female,4,3,4,2,1,4,4,4,3,3,2
1185,Europe,Under 22,Female,4,4,4,3,2,3,2,2,4,3,2
1186,Asia,22-39,Female,4,4,4,4,2,4,2,4,4,4,2
1187,Europe,Under 22,Female,2,3,3,3,1,2,4,2,3,2,1
1188,Europe,Under 22,Female,1,4,3,3,0,3,4,3,2,0,1
1189,Europe,Under 22,Female,2,3,4,3,0,3,3,2,3,2,1
1190,South America,22-39,Female,1,4,3,4,1,4,4,3,3,3,1
1191,North America,Under 22,Female,4,4,4,4,0,3,4,4,4,1,1
1192,North America,Under 22,Female,2,3,4,4,3,3,3,2,4,4,2
1193,North America,22-39,Female,4,4,4,4,3,3,3,4,4,2,2
1194,Europe,Under 22,Female,2,4,3,4,1,3,4,3,3,3,2
1195,North America,39-52,Female,4,4,4,2,1,4,4,3,4,4,2
1196,North America,Under 22,Female,3,4,4,4,2,4,1,4,3,3,1
1197,Australia,Under 22,Female,4,4,3,4,0,2,4,3,4,3,1
1198,North America,Under 22,Female,3,3,3,3,3,3,3,2,4,2,2
1199,North America,Under 22,Female,3,4,3,3,3,3,1,3,4,3,2
1200,Europe,22-39,Female,4,4,4,4,3,3,2,3,4,4,2
1201,North America,Under 22,Female,3,3,3,4,2,3,1,3,2,1,1
1202,North America,Under 22,Female,4,4,4,4,3,3,2,2,3,3,2
1203,North America,22-39,Female,3,3,4,3,3,3,2,3,3,1,2
1204,North America,22-39,Female,4,4,4,2,2,3,1,4,4,4,2
1205,South America,Under 22,Female,0,4,2,2,1,2,2,3,2,1,1
1206,Europe,Under 22,Female,3,3,3,2,1,2,3,3,3,1,2
1207,Europe,22-39,Female,1,3,3,3,1,3,2,2,3,1,1
1208,North America,22-39,Female,3,3,3,3,3,3,3,3,3,3,2
1209,North America,Under 22,Female,4,4,4,4,3,3,1,4,3,2,2
1210,Europe,Under 22,Female,4,4,4,3,4,2,2,1,4,4,2
1211,Europe,Under 22,Female,2,4,4,2,2,4,4,4,4,1,2
1212,North America,22-39,Female,3,4,4,4,2,3,2,3,3,3,2
1213,North America,22-39,Female,3,4,3,3,4,2,1,1,4,3,2
1214,North America,22-39,Female,4,4,4,2,2,3,1,4,4,4,2
1215,North America,Under 22,Male,4,4,4,4,4,4,4,3,4,4,2
1216,North America,Under 22,Male,2,3,3,3,1,4,1,4,1,1,1
1217,North America,Under 22,Prefer not to say,4,4,4,4,3,4,4,2,4,4,2
1218,North America,22-39,Male,4,4,3,3,1,4,2,3,2,3,2
1219,North America,39-52,Female,2,3,3,4,1,3,2,3,3,2,1
1220,North America,22-39,Female,4,4,3,2,3,3,1,4,3,4,2
1221,North America,Under 22,Female,4,4,4,4,1,3,2,4,4,4,2
1222,North America,22-39,Female,3,2,3,3,1,3,2,4,3,2,1
1223,North America,22-39,Female,3,3,4,4,2,3,2,0,4,2,1
1224,North America,22-39,Female,4,4,4,4,2,3,2,4,4,3,2
1225,Europe,39-52,Female,3,3,4,3,1,4,4,2,2,2,1
1226,North America,Under 22,Female,3,3,3,3,2,3,0,3,2,4,1
1227,Europe,Under 22,Female,4,4,4,3,1,4,4,4,4,4,1
1228,Asia,22-39,Female,2,3,3,3,1,3,3,3,3,1,2
1229,Europe,39-52,Female,4,4,4,3,2,2,4,2,3,4,2
1230,Australia,Under 22,Female,3,3,3,3,2,3,2,3,3,1,1
1231,Europe,22-39,Female,1,3,2,4,0,2,2,1,1,2,1
1232,North America,22-39,Female,4,4,3,3,1,3,1,3,4,4,2
1233,Europe,22-39,Female,3,4,4,4,2,3,1,1,4,3,2
1234,North America,Under 22,Female,4,4,4,3,4,4,2,2,4,4,1
1235,Europe,22-39,Female,3,3,3,3,2,2,4,4,2,3,1
1236,Europe,22-39,Female,3,3,3,2,1,3,4,3,3,3,2
1237,North America,22-39,Female,4,3,2,3,1,4,2,3,2,2,1
1238,North America,22-39,Female,2,3,2,1,1,3,1,3,3,0,2
1239,North America,Under 22,Female,4,4,4,4,2,2,2,2,3,3,2
1240,Europe,Under 22,Female,4,4,4,3,2,3,3,3,3,4,2
1241,North America,22-39,Female,3,3,3,3,1,3,1,3,4,4,2
1242,North America,Under 22,Female,3,4,3,3,2,3,2,3,3,3,2
1243,Europe,22-39,Female,3,4,3,3,2,3,3,3,4,3,2
1244,Europe,Under 22,Female,2,3,3,3,3,3,1,2,3,1,2
1245,North America,Under 22,Female,4,4,4,4,4,3,1,1,4,4,1
1246,North America,22-39,Female,0,2,0,1,0,2,2,2,0,0,1
1247,North America,22-39,Female,3,4,1,3,1,2,2,2,1,0,1
1248,North America,Under 22,Other,3,2,3,1,2,2,2,0,3,2,2
1249,North America,Under 22,Female,3,3,3,2,1,2,2,3,2,2,1
1250,North America,22-39,Female,3,3,3,2,1,2,2,3,2,2,1
1251,North America,Under 22,Other,0,0,0,0,0,2,2,4,0,0,1
1252,North America,22-39,Female,3,4,2,3,0,2,2,2,2,1,1
1253,North America,Under 22,Female,0,2,1,2,0,2,2,2,2,0,1
1254,North America,Under 22,Female,3,2,1,2,0,2,2,0,0,0,1
1255,North America,22-39,Female,1,3,2,2,1,2,3,4,2,0,1
1256,North America,Under 22,Female,0,3,2,2,1,2,3,3,2,2,1
1257,North America,22-39,Female,3,4,3,2,3,3,2,3,4,3,2
1258,North America,22-39,Female,4,4,4,4,1,3,3,4,3,4,2
1259,Australia,Under 22,Female,4,4,3,2,1,3,2,4,4,0,2
1260,Europe,22-39,Female,3,4,3,3,3,4,4,3,4,3,2
1261,North America,Under 22,Female,3,4,4,3,3,2,4,3,3,3,2
1262,North America,Under 22,Female,4,4,4,3,1,4,4,4,4,4,2
1263,North America,22-39,Female,3,3,4,2,3,4,4,4,3,3,2
1264,North America,Under 22,Male,3,4,4,3,3,3,2,3,3,3,2
1265,Europe,Under 22,Female,4,4,4,3,2,4,1,3,4,4,2
1266,North America,22-39,Female,4,3,4,2,3,1,3,3,4,4,2
1267,North America,22-39,Female,3,4,4,4,2,3,2,3,3,3,2
1268,North America,39-52,Male,3,4,4,4,0,2,2,4,4,0,1
1269,Europe,Under 22,Female,4,4,4,3,2,3,1,4,4,2,2
1270,North America,22-39,Female,4,4,4,4,3,2,2,3,3,2,2
1271,North America,22-39,Female,4,4,4,3,2,4,1,2,4,4,2
1272,North America,Under 22,Female,3,4,4,3,0,4,0,4,3,4,1
1273,Europe,22-39,Female,4,4,4,2,1,3,1,1,4,3,1
1274,North America,22-39,Female,1,2,2,3,3,4,3,1,2,1,2
1275,Europe,Under 22,Female,4,4,4,3,0,3,1,3,2,1,1
1276,North America,Under 22,Other,4,4,4,2,3,3,1,3,4,4,2
1277,North America,Under 22,Female,4,4,4,4,2,3,1,4,3,4,2
1278,North America,22-39,Female,4,4,4,3,3,1,3,3,4,4,2
1279,Australia,22-39,Female,4,4,4,4,4,3,2,3,4,4,2
1280,Asia,Under 22,Female,2,3,3,2,1,3,2,3,2,2,2
1281,North America,Under 22,Female,3,4,4,2,2,3,3,3,4,4,2
1282,Europe,22-39,Female,4,3,3,3,3,4,4,4,2,3,2
1283,Europe,Under 22,Female,4,4,4,4,1,3,2,1,3,3,1
1284,North America,Under 22,Female,4,4,4,4,3,3,3,2,4,4,2
1285,North America,39-52,Female,2,1,3,3,1,4,1,4,3,1,2
1286,North America,39-52,Female,3,4,3,3,3,1,1,1,3,3,2
1287,North America,22-39,Female,4,4,4,2,3,1,1,4,4,4,2
1288,Europe,Under 22,Female,3,4,3,3,3,3,4,2,4,3,2
1289,North America,22-39,Female,3,4,4,2,3,2,1,4,3,4,2
1290,North America,Under 22,Female,4,4,4,2,1,3,1,4,3,2,2
1291,North America,Under 22,Female,3,3,3,4,2,2,3,3,3,3,2
1292,Europe,Under 22,Female,3,4,3,4,1,4,0,4,4,3,2
1293,North America,22-39,Female,4,4,4,2,3,3,3,1,4,4,2
1294,Europe,Under 22,Female,4,4,4,4,3,2,1,2,3,4,2
1295,North America,22-39,Female,4,4,4,4,4,2,2,3,0,4,2
1296,Europe,22-39,Female,2,3,3,3,1,2,3,4,3,0,1
1297,North America,Under 22,Female,4,4,4,3,3,3,3,2,4,4,1
1298,Europe,Under 22,Female,1,3,2,2,0,4,2,3,1,1,1
1299,North America,22-39,Female,4,4,4,3,2,3,2,3,4,3,1
1300,North America,22-39,Female,2,3,3,3,1,4,2,4,2,1,2
1301,North America,70+,Female,3,4,4,2,3,4,0,2,3,2,2
1302,North America,39-52,Female,4,4,4,3,2,2,2,2,4,4,2
1303,Europe,22-39,Female,3,3,3,3,1,3,3,3,3,1,2
1304,Europe,Under 22,Female,4,4,4,4,4,4,4,3,3,4,1
1305,Europe,22-39,Female,4,4,3,2,1,3,4,3,3,1,1
1306,North America,22-39,Female,3,2,3,3,2,3,3,3,3,2,1
1307,North America,39-52,Female,4,4,4,4,2,3,2,2,3,3,2
1308,South America,22-39,Female,3,4,4,3,1,3,4,3,4,4,1
1309,North America,22-39,Female,3,3,3,0,3,3,1,1,3,3,1
1310,Europe,Under 22,Female,2,4,4,4,4,4,4,4,4,4,2
1311,North America,22-39,Female,4,4,3,3,2,3,1,4,4,3,1
1312,North America,Under 22,Female,2,3,2,0,1,3,1,3,0,0,2
1313,North America,Under 22,Female,4,4,3,3,3,2,2,3,2,2,2
1314,North America,Under 22,Female,2,3,3,3,2,3,4,4,3,2,2
1315,Europe,22-39,Female,4,4,3,4,2,4,4,3,4,4,1
1316,North America,22-39,Male,3,3,3,3,3,3,1,3,2,1,2
1317,Asia,Under 22,Female,3,4,4,4,3,4,4,4,4,4,2
1318,Europe,22-39,Female,4,4,4,3,0,3,2,3,3,2,2
1319,North America,22-39,Female,4,4,4,2,4,1,1,3,2,4,2
1320,North America,22-39,Female,3,4,4,3,2,3,2,1,4,3,2
1321,North America,22-39,Female,4,3,4,2,0,4,4,3,3,4,2
1322,North America,Under 22,Female,4,3,4,4,3,4,3,4,3,4,2
1323,Europe,Under 22,Female,4,3,4,3,1,4,4,3,4,2,2
1324,Australia,22-39,Female,1,4,4,4,1,3,3,4,3,1,1
1325,Europe,Under 22,Female,4,4,4,3,4,3,2,3,2,4,2
1326,Asia,39-52,Male,3,3,3,3,3,3,3,3,3,3,2
1327,Europe,22-39,Female,3,3,3,3,1,1,1,2,4,3,1
1328,Africa,22-39,Female,2,2,2,2,1,3,3,3,2,3,1
1329,North America,Under 22,Female,4,4,4,0,1,4,2,4,4,4,2
1330,North America,52-70,Female,4,4,4,3,1,4,3,4,1,0,1
1331,Europe,Under 22,Female,3,4,3,3,3,3,4,1,4,3,2
1332,North America,Under 22,Female,4,4,4,4,1,3,3,4,4,4,0
1333,Australia,Under 22,Female,1,4,1,1,0,3,2,2,1,1,1
1334,North America,Under 22,Female,4,4,4,4,2,3,1,4,4,3,2
1335,North America,22-39,Female,4,4,4,3,2,4,3,3,4,4,2
1336,North America,Under 22,Female,4,4,4,4,2,3,3,3,3,2,2
1337,Asia,22-39,Female,3,4,4,4,3,2,3,2,4,4,2
1338,Europe,22-39,Female,2,2,3,2,2,3,3,3,3,2,0
1339,Europe,22-39,Female,4,4,4,4,1,4,2,4,3,3,2
1340,North America,Under 22,Female,4,4,4,2,2,2,1,1,4,3,2
1341,Europe,Under 22,Female,1,4,4,3,0,4,4,4,4,4,2
1342,North America,22-39,Female,4,4,4,4,4,2,2,1,3,3,2
1343,North America,22-39,Female,4,3,4,2,3,3,2,2,3,2,2
1344,North America,22-39,Female,3,4,4,3,0,3,1,3,4,1,1
1345,Europe,Under 22,Female,3,3,3,4,0,3,2,4,4,4,2
1346,North America,Under 22,Male,4,4,4,4,2,3,4,4,4,4,0
1347,North America,22-39,Female,4,4,4,4,3,3,1,0,4,4,2
1348,North America,22-39,Female,2,3,4,3,1,3,1,2,2,2,1
1349,North America,22-39,Female,4,4,4,4,2,3,2,3,3,4,2
1350,North America,39-52,Female,4,3,4,4,3,4,4,3,4,4,2
1351,North America,22-39,Female,2,3,3,3,1,3,4,3,3,1,1
1352,North America,Under 22,Female,4,4,4,2,2,3,3,3,4,4,2
1353,North America,Under 22,Female,4,4,4,4,3,4,4,4,3,4,2
1354,Europe,Under 22,Male,4,4,3,3,2,2,4,2,4,3,2
1355,North America,Under 22,Female,3,4,3,2,1,4,3,2,3,3,2
1356,Europe,22-39,Female,3,4,4,3,3,3,3,3,4,3,2
1357,North America,Under 22,Female,3,4,4,4,1,4,3,4,4,3,1
1358,North America,22-39,Female,3,3,4,4,3,3,2,1,4,3,2
1359,North America,22-39,Female,4,4,3,4,1,3,2,3,4,3,1
1360,Europe,Under 22,Female,3,4,3,0,2,3,2,3,4,4,2
1361,Europe,Under 22,Female,3,4,4,3,2,2,3,2,2,1,1
1362,Europe,Under 22,Other,4,4,3,4,3,3,1,2,3,3,2
1363,Europe,Under 22,Female,4,4,4,3,3,2,2,2,4,4,2
1364,North America,22-39,Female,4,3,4,3,3,2,1,1,2,2,2
1365,North America,22-39,Male,3,3,3,3,2,3,2,1,3,1,2
1366,North America,39-52,Male,4,4,4,2,1,4,2,3,3,2,2
1367,Australia,22-39,Female,4,4,4,4,4,3,4,4,4,4,2
1368,North America,39-52,Female,4,4,4,4,3,4,3,4,3,2,2
1369,North America,22-39,Female,3,4,4,2,1,3,3,3,4,2,2
1370,North America,22-39,Female,4,4,4,4,2,4,1,4,4,4,2
1371,Europe,22-39,Female,3,4,4,2,4,3,1,3,4,3,2
1372,North America,Under 22,Female,2,4,4,4,2,3,2,3,2,1,1
1373,North America,Under 22,Female,1,2,1,1,1,3,2,3,0,0,0
1374,North America,22-39,Female,4,3,4,4,2,4,2,3,3,3,2
1375,North America,22-39,Female,1,4,3,2,0,3,2,1,4,1,2
1376,Europe,22-39,Female,4,4,4,4,3,0,2,1,4,4,2
1377,North America,22-39,Female,4,4,4,4,4,3,4,2,4,3,0
1378,North America,22-39,Female,4,4,4,4,3,3,1,1,3,3,2
1379,North America,22-39,Female,4,4,4,3,2,3,3,2,3,4,2
1380,North America,22-39,Female,4,4,4,3,3,3,3,3,4,4,2
1381,South America,39-52,Female,3,3,3,3,3,1,2,1,4,4,2
1382,North America,Under 22,Female,3,3,3,3,2,3,1,1,3,2,2
1383,North America,22-39,Male,3,4,3,3,1,3,3,4,3,2,1
1384,North America,22-39,Female,3,4,4,4,1,3,1,4,2,4,1
1385,North America,Under 22,Female,4,4,4,4,1,4,1,4,4,4,2
1386,Europe,39-52,Female,0,4,3,4,3,4,3,2,2,2,0
1387,North America,22-39,Female,2,4,3,3,1,2,2,2,4,2,2
1388,North America,Under 22,Female,4,4,4,2,3,3,2,3,4,4,2
1389,Europe,22-39,Female,4,4,4,4,3,1,1,2,4,4,2
1390,North America,22-39,Female,4,3,3,3,4,4,2,4,3,4,2
1391,North America,39-52,Female,2,4,4,4,3,4,4,3,4,4,2
1392,North America,22-39,Male,3,3,4,2,2,4,3,3,4,3,1
1393,North America,22-39,Female,2,3,3,3,1,3,2,3,3,1,1
1394,Europe,Under 22,Other,4,4,4,4,3,3,3,2,4,4,2
1395,North America,52-70,Female,4,4,4,4,3,1,1,3,4,4,2
1396,North America,Under 22,Male,4,4,4,3,3,3,1,3,4,2,2
1397,North America,22-39,Female,4,3,3,3,2,3,2,3,3,2,1
1398,North America,22-39,Female,4,4,4,1,4,4,3,3,4,4,2
1399,Asia,22-39,Female,0,4,3,4,2,2,3,4,2,1,1
1400,North America,22-39,Female,3,4,4,2,0,4,2,3,2,1,1
1401,Europe,Under 22,Male,4,4,3,3,3,3,2,3,4,4,2
1402,North America,Under 22,Female,4,4,3,3,3,3,3,3,4,3,2
1403,North America,22-39,Female,3,4,4,4,2,4,4,2,4,4,2
1404,Australia,Under 22,Female,4,4,4,4,3,4,4,4,4,3,2
1405,Australia,Under 22,Female,4,4,4,2,2,2,4,4,4,1,1
1406,North America,22-39,Female,3,3,3,3,1,3,1,2,3,3,1
1407,North America,39-52,Female,0,4,3,2,0,4,2,3,2,0,0
1408,Europe,22-39,Female,4,4,4,3,2,3,1,3,3,3,2
1409,North America,52-70,Female,4,4,4,2,1,3,2,4,4,2,2
1410,South America,Under 22,Female,3,3,3,4,3,1,2,3,3,2,2
1411,Africa,Under 22,Female,2,4,4,2,2,3,2,3,3,2,2
1412,North America,22-39,Female,2,3,3,1,2,4,3,2,2,1,2
1413,North America,22-39,Female,4,4,4,2,0,4,4,4,4,4,2
1414,North America,22-39,Female,4,4,4,4,3,4,3,3,4,4,2
1415,North America,22-39,Female,1,4,2,3,1,4,4,4,3,2,0
1416,North America,Under 22,Female,4,4,4,3,2,3,1,4,4,4,1
1417,North America,Under 22,Male,3,4,4,4,1,4,1,3,4,3,1
1418,North America,22-39,Female,3,4,4,3,2,4,1,4,4,3,2
1419,North America,22-39,Female,4,4,4,3,3,3,2,1,4,4,2
1420,Europe,22-39,Male,3,4,4,4,2,1,1,2,4,4,2
1421,North America,22-39,Female,1,4,3,3,1,4,1,3,3,2,2
1422,North America,22-39,Female,4,4,4,3,2,3,2,4,4,4,2
1423,North America,39-52,Female,4,3,4,2,2,4,4,4,2,4,2
1424,North America,Under 22,Female,4,4,3,4,3,2,3,3,4,4,2
1425,Europe,39-52,Female,4,4,4,3,3,4,2,4,4,4,2
1426,Asia,Under 22,Male,1,4,3,2,0,4,4,4,0,0,0
1427,North America,22-39,Female,3,3,3,3,2,4,3,1,4,4,1
1428,Asia,Under 22,Female,3,3,3,1,2,2,4,4,4,2,0
1429,Europe,Under 22,Female,3,4,3,3,3,3,3,3,4,3,2
1430,Australia,22-39,Female,4,4,4,4,1,4,4,4,4,4,2
1431,North America,22-39,Female,3,4,3,3,2,4,4,4,4,4,2
1432,North America,Under 22,Male,4,3,4,4,3,4,1,3,3,3,2
1433,North America,22-39,Female,0,4,3,4,3,3,4,1,3,3,2
1434,Europe,Under 22,Female,4,3,3,3,2,3,3,3,3,3,2
1435,Europe,22-39,Female,4,4,4,4,3,3,3,1,3,3,2
1436,Australia,Under 22,Female,4,4,4,1,4,2,0,3,4,4,2
1437,Europe,22-39,Female,4,4,4,3,4,3,1,3,4,4,2
1438,North America,22-39,Female,4,4,4,4,3,3,0,3,4,3,2
1439,North America,Under 22,Female,2,4,3,3,1,2,1,4,3,2,2
1440,Europe,Under 22,Female,4,4,3,4,2,3,4,3,4,4,2
1441,North America,Under 22,Female,3,3,3,3,1,3,2,4,3,2,1
1442,Asia,52-70,Female,3,3,4,4,1,3,3,4,4,3,2
1443,North America,Under 22,Female,3,4,4,3,0,4,4,4,4,3,2
1444,Europe,22-39,Female,3,3,4,2,1,3,1,2,3,1,1
1445,North America,22-39,Female,4,3,4,4,2,3,1,3,4,3,2
1446,North America,Under 22,Female,4,4,4,4,3,3,0,4,4,4,2
1447,North America,22-39,Female,3,4,4,3,3,3,2,4,2,2,1
1448,North America,22-39,Female,3,4,4,3,2,4,3,4,4,4,2
1449,North America,Under 22,Female,0,4,4,4,0,4,4,4,3,4,2
1450,South America,22-39,Female,3,3,3,3,2,3,1,3,3,3,2
1451,North America,52-70,Female,3,3,3,4,2,3,1,3,4,3,2
1452,Australia,22-39,Female,4,4,4,4,3,3,0,0,3,3,2
1453,Asia,Under 22,Female,4,4,3,4,2,4,4,4,3,3,2
1454,Europe,39-52,Female,3,3,4,4,1,3,1,3,4,4,2
1455,Africa,22-39,Male,2,4,3,2,2,2,3,3,3,2,2
1456,North America,22-39,Female,3,4,4,4,3,3,4,2,3,3,1
1457,North America,22-39,Female,3,4,4,3,2,3,3,2,4,3,2
1458,North America,22-39,Female,2,4,4,3,1,4,3,4,3,2,1
1459,North America,Under 22,Male,3,4,4,4,2,0,0,1,4,4,2
1460,Australia,22-39,Female,2,3,3,4,2,4,2,4,3,3,2
1461,North America,Under 22,Female,3,3,3,3,2,2,1,3,2,1,2
1462,North America,Under 22,Female,3,3,4,4,1,3,3,3,3,3,1
1463,North America,22-39,Female,2,4,4,2,1,4,2,4,2,2,2
1464,North America,Under 22,Female,3,2,3,2,2,4,2,2,3,1,1
1465,Europe,22-39,Female,3,4,4,3,2,3,4,4,4,4,2
1466,North America,39-52,Female,3,3,3,3,1,3,2,3,3,2,2
1467,North America,Under 22,Female,4,4,4,4,1,4,2,2,4,4,2
1468,North America,22-39,Female,4,4,4,4,1,4,4,3,4,4,2
1469,Australia,22-39,Female,3,3,4,3,2,4,4,4,4,4,2
1470,North America,Under 22,Female,4,4,4,2,4,3,2,2,4,4,2
1471,North America,Under 22,Female,3,3,3,3,0,3,4,3,2,2,0
1472,North America,22-39,Female,4,3,3,3,2,3,3,3,3,3,2
1473,Europe,22-39,Female,3,4,3,3,3,3,4,4,0,1,2
1474,North America,22-39,Female,3,3,3,3,1,3,3,3,3,3,1
1475,North America,22-39,Female,4,4,3,4,3,3,2,4,4,3,2
1476,North America,22-39,Female,4,4,4,4,4,3,2,3,3,3,2
1477,North America,22-39,Female,3,4,4,4,1,3,4,3,2,0,1
1478,North America,22-39,Female,4,4,4,4,4,3,0,4,4,4,2
1479,North America,22-39,Female,3,3,3,2,2,3,3,3,2,3,2
1480,North America,22-39,Female,3,3,3,3,0,2,1,2,2,2,0
1481,South America,Under 22,Female,0,4,3,4,0,4,4,4,2,0,0
1482,Europe,Under 22,Female,3,4,4,4,1, ,3,4,3,1,1
1483,North America,22-39,Female,4,4,4,3,4,0,1,3,3,3,2
1484,North America,22-39,Female,3,4,4,4,1,4,2,3,2,1,1
1485,North America,Under 22,Female,4,4,4,3,3,3,2,4,4,4,2
1486,Europe,Under 22,Female,4,4,4,3,2,2,4,3,4,4,2
1487,North America,Under 22,Female,4,3,3,3,1,4,2,1,4,2,2
1488,Europe,22-39,Female,3,3,3,3,2,3,2,2,3,4,2
1489,North America,22-39,Female,3,4,3,4,2,4,1,4,3,3,2
1490,North America,22-39,Female,4,3,4,3,1,3,4,4,4,4,2
1491,Europe,22-39,Female,4,4,3,3,3,2,2,2,4,3,2
1492,Europe,22-39,Female,4,4,3,4,4,4,2,4,2,3,2
1493,North America,22-39,Female,4,4,4,4,4,4,4,4,4,4,2
1494,North America,22-39,Female,4,4,4,3,3,3,3,3,4,3,2
1495,Europe,39-52,Female,4,4,4,4,4,0,0,2,4,3,2
1496,North America,Under 22,Female,3,4,3,4,3,3,2,3,3,3,1
1497,Europe,22-39,Female,4,4,4,4,3,3,4,3,4,4,2
1498,North America,22-39,Female,2,4,4,4,2,2,4,3,4,2,1
1499,Europe,Under 22,Female,3,3,3,3,2,3,2,3,3,3,2
1500,Europe,22-39,Female,4,3,4,1,3,2,0,4,3,4,2
1501,North America,Under 22,Female,4,4,4,3,3,2,1,1,4,3,2
1502,North America,Under 22,Female,1,4,1,4,0,4,4,4,3,1,1
1503,North America,Under 22,Female,3,4,4,4,0,3,3,3,3,1,1
1504,North America,22-39,Female,2,3,3,1,0,3,2,3,3,2,1
1505,North America,52-70,Female,2,3,3,2,1,4,3,3,2,2,1
1506,North America,22-39,Female,4,3,3,2,2,4,4,3,3,3,2
1507,North America,22-39,Female,0,4,4,4,1,4,2,0,4,0,1
1508,North America,Under 22,Female,3,3,3,3,1,3,1,4,4,3,2
1509,Europe,22-39,Female,3,3,3,3,2,3,4,4,2,3,1
1510,South America,39-52,Female,4,4,4,4,3,2,1,3,3,3,2
1511,Europe,Under 22,Female,1,3,2,3,2,4,1,4,3,3,2
1512,North America,22-39,Prefer not to say,3,3,4,4,1,4,4,3,3,3,1
1513,North America,Under 22,Female,4,4,4,4,4,4,4,3,4,4,2
1514,Australia,22-39,Female,3,4,3,3,2,3,2,4,4,3,2
1515,Australia,22-39,Female,4,4,4,3,2,3,3,4,4,3,2
1516,North America,22-39,Female,2,3,3,3,1,3,2,4,2,2,1
1517,North America,Under 22,Female,3,3,3,2,3,3,3,2,4,4,2
1518,Europe,22-39,Female,4,4,4,4,3,3,3,2,2,3,2
1519,North America,22-39,Female,3,3,4,3,2,3,3,4,2,3,2
1520,Europe,Under 22,Female,3,3,3,3,2,3,1,3,3,3,2
1521,Europe,Under 22,Female,4,4,3,4,1,2,0,3,3,3,1
1522,Europe,22-39,Female,3,3,3,2,2,3,0,3,3,3,2
1523,Europe,22-39,Female,1,3,3,3,1,2,1,1,3,3,1
1524,North America,22-39,Female,4,4,4,4,2,4,2,4,4,4,2
1525,North America,22-39,Female,4,4,4,3,3,3,2,4,4,3,2
1526,Europe,Under 22,Female,4,4,4,3,1,3,4,4,3,1,1
1527,North America,22-39,Female,0,4,4,3,1,2,2,3,3,0,1
1528,Europe,52-70,Female,4,4,3,3,1,4,4,3,4,4,2
1529,Europe,22-39,Male,3,3,3,3,1,3,1,3,2,3,1
1530,North America,Under 22,Female,3,4,4,2,2,3,3,3,4,3,2
1531,Europe,Under 22,Female,1,3,3,3,1,3,2,3,2,2,0
1532,North America,22-39,Male,3,3,3,3,3,3,1,3,3,2,2
1533,North America,Under 22,Male,3,3,4,3,2,4,2,3,4,4,2
1534,Europe,22-39,Female,3,3,4,2,1,3,1,2,4,3,2
1535,Europe,22-39,Female,4,4,4,2,3,2,3,3,4,3,2
1536,Europe,22-39,Female,3,4,4,4,2,3,3,3,4,3,2
1537,North America,22-39,Female,3,3,3,2,2,2,1,3,3,3,2
1538,North America,Under 22,Female,4,4,4,4,2,2,2,1,4,4,2
1539,Europe,22-39,Female,4,4,4,3,1,1,3,4,2,3,2
1540,North America,39-52,Female,3,4,3,0,1,3,3,3,2,2,1
1541,North America,22-39,Female,4,4,4,3,3,1,0,3,4,4,2
1542,Australia,Under 22,Female,2,3,4,3,2,3,2,2,2,3,2
1543,Africa,22-39,Female,3,4,4,4,3,3,2,3,4,4,2
1544,Europe,Under 22,Female,1,4,3,3,1,2,4,3,4,0,1
1545,Europe,Under 22,Female,0,3,4,3,3,3,3,4,4,0,0
1546,North America,22-39,Female,3,3,3,2,1,4,1,3,3,1,2
1547,North America,22-39,Female,4,4,4,3,1,3,1,3,3,3,2
1548,Europe,Under 22,Female,4,4,4,4,3,3,2,4,4,4,2
1549,North America,Under 22,Female,4,4,4,3,1,2,3,3,3,3,2
1550,Australia,22-39,Female,3,3,4,3,1,3,2,2,4,4,1
1551,North America,22-39,Female,4,4,3,3,0,4,3,3,1,1,2
1552,North America,22-39,Male,2,3,3,2,1,4,1,3,4,2,2
1553,North America,22-39,Female,1,3,2,2,0,4,3,4,1,1,1
1554,North America,22-39,Male,4,3,4,3,1,3,2,2,4,4,2
1555,Europe,22-39,Female,2,3,2,3,2,3,2,4,3,2,2
1556,North America,22-39,Female,4,4,4,4,3,3,2,3,3,3,2
1557,North America,22-39,Female,4,4,4,4,4,3,1,3,4,4,2
1558,Europe,22-39,Male,3,3,3,1,3,2,4,2,3,2,2
1559,Australia,39-52,Male,4,3,4,3,3,4,4,2,3,4,1
1560,Europe,22-39,Female,4,3,3,2,2,3,3,1,3,3,1
1561,North America,22-39,Male,4,4,4,4,2,3,2,3,3,3,2
1562,North America,22-39,Female,2,3,3,4,2,4,3,3,3,2,2
1563,North America,Under 22,Female,1,4,3,3,2,3,3,3,3,1,0
1564,North America,Under 22,Male,1,4,3,4,2,2,2,4,3,2,1
1565,Australia,22-39,Male,3,4,3,3,2,2,3,1,3,3,2
1566,North America,39-52,Male,3,4,4,2,1,4,4,4,3,2,1
1567,Australia,22-39,Male,4,4,4,3,2,3,3,3,4,4,2
1568,North America,22-39,Male,3,3,3,2,1,2,1,3,2,1,2
1569,North America,Under 22,Male,3,4,4,3,3,3,1,3,4,4,2
1570,North America,22-39,Male,4,4,4,4,4,0,0,0,2,4,2
1571,North America,39-52,Female,4,4,4,4,4,4,2,3,4,4,2
1572,North America,Under 22,Female,3,3,4,4,2,3,1,3,4,2,1
1573,Europe,22-39,Female,2,4,3,3,1,2,3,3,3,1,1
1574,North America,22-39,Male,4,4,3,3,3,2,3,3,4,4,2
1575,North America,Under 22,Male,2,3,3,3,3,2,2,4,2,2,2
1576,North America,Under 22,Female,4,4,4,2,2,3,1,1,3,3,2
1577,North America,22-39,Male,2,4,4,2,2,3,3,4,2,3,1
1578,Europe,22-39,Male,4,4,4,4,1,3,1,3,4,3,2
1579,North America,22-39,Male,4,4,4,4,3,3,3,3,3,3,2
1580,North America,22-39,Male,4,4,4,0,2,4,4,4,2,3,2
1581,North America,Under 22,Male,4,4,4,3,4,4,3,3,4,3,2
1582,Europe,22-39,Male,4,4,4,4,3,2,2,4,4,4,2
1583,North America,22-39,Male,4,4,3,2,3,3,3,2,4,4,2
1584,North America,22-39,Male,3,3,3,3,2,3,1,3,3,3,1
1585,North America,22-39,Male,3,3,3,3,2,3,2,3,3,3,2
1586,North America,39-52,Female,2,3,3,2,3,3,2,3,3,2,0
1587,North America,Under 22,Female,3,3,2,2,1,3,2,3,3,2,1
1588,North America,22-39,Female,4,4,4,2,0,4,4,3,4,3,0
1589,North America,22-39,Female,3,3,3,3,3,4,3,3,3,3,2
1590,Europe,22-39,Male,1,4,3,3,1,4,2,4,4,2,1
1591,Europe,Under 22,Female,1,4,3,3,3,3,4,4,4,4,0
1592,Europe,22-39,Male,3,3,2,4,1,3,1,2,4,3,2
1593,North America,22-39,Male,3,4,4,4,2,3,4,4,4,3,2
1594,Europe,22-39,Male,0,3,2,2,0,4,0,4,0,0,0
1595,North America,Under 22,Male,2,3,2,1,0,4,1,4,1,2,1
1596,North America,Under 22,Female,3,4,4,3,1,4,2,3,3,3,2
1597,Europe,Under 22,Prefer not to say,1,4,3,3,0,2,2,3,1,2,1
1598,Europe,Under 22,Male,2,4,3,4,0,4,4,2,4,2,1
1599,Europe,22-39,Female,3,3,3,4,2,2,4,3,3,3,2
1600,Europe,22-39,Male,4,4,4,4,2,3,3,4,4,3,1
1601,Europe,Under 22,Male,3,4,3,2,1,3,2,3,2,1,2
1602,North America,22-39,Male,4,4,4,4,2,4,2,2,4,3,2
1603,North America,22-39,Male,2,3,4,4,0,3,2,2,3,2,1
1604,North America,Under 22,Female,3,3,3,3,3,2,4,3,3,2,2
1605,North America,22-39,Female,2,3,3,3,1,4,2,3,1,1,2
1606,Europe,22-39,Male,4,4,3,1,2,4,2,4,3,3,1
1607,North America,Under 22,Female,3,3,4,3,1,4,3,4,3,4,1
1608,North America,Under 22,Female,4,4,4,3,3,4,3,2,4,3,2
1609,North America,Under 22,Female,2,3,3,3,0,4,1,4,3,3,2
1610,Europe,22-39,Male,4,4,4,4,3,3,3,3,4,4,2
1611,North America,22-39,Male,3,4,4,4,1,3,2,4,3,3,1
1612,North America,22-39,Male,3,4,4,4,3,3,1,1,4,2,2
1613,Australia,Under 22,Female,2,3,1,2,0,3,2,4,3,3,1
1614,Europe,22-39,Male,2,4,4,2,1,3,0,4,0,0,1
1615,North America,22-39,Male,4,4,4,2,3,1,1,4,4,4,2
1616,Europe,22-39,Male,4,4,4,3,1,4,4,4,4,4,2
1617,North America,22-39,Female,4,4,3,3,4,4,4,2,3,4,2
1618,Europe,22-39,Female,3,4,3,3,3,2,1,3,3,3,2
1619,North America,22-39,Female,4,4,3,3,3,3,2,2,4,4,2
1620,North America,Under 22,Male,4,4,3,3,0,2,2,4,1,1,1
1621,Europe,22-39,Female,2,4,4,3,0,4,2,4,3,1,1
1622,North America,Under 22,Female,4,4,4,4,3,4,4,4,3,3,1
1623,North America,22-39,Female,3,3,4,4,1,3,2,4,3,3,2
1624,North America,22-39,Female,4,4,4,4,1,4,1,0,4,4,2
1625,Asia,Under 22,Female,2,4,4,2,1,3,4,1,4,3,1
1626,Europe,22-39,Male,4,4,4,2,1,4,4,4,4,3,1
1627,North America,Under 22,Male,4,4,4,3,4,2,2,3,4,4,2
1628,North America,22-39,Female,4,4,4,3,2,3,3,3,4,4,2
1629,Europe,22-39,Male,3,4,4,3,3,3,4,4,3,3,1
1630,Europe,39-52,Female,3,4,3,2,2,3,1,1,3,3,2
1631,North America,Under 22,Female,4,4,4,4,4,3,3,4,4,4,2
1632,North America,22-39,Female,1,3,3,2,3,3,1,3,3,2,2
1633,Europe,22-39,Female,2,3,3,0,3,3,3,3,3,2,1
1634,North America,22-39,Male,0,3,4,4,0,4,4,4,3,1,1
1635,Australia,Under 22,Female,4,4,4,4,2,2,2,3,3,4,2
1636,Europe,22-39,Male,1,3,1,2,1,1,3,2,0,2,2
1637,Europe,Under 22,Female,3,4,4,3,3,3,4,4,3,3,2
1638,North America,22-39,Male,4,4,4,3,2,0,3,4,3,4,2
1639,Europe,Under 22,Female,3,4,3,3,1,4,4,4,3,3,1
1640,North America,22-39,Female,4,4,4,4,3,3,2,1,4,3,2
1641,North America,Under 22,Female,4,4,4,3,4,1,1,3,4,4,2
1642,North America,22-39,Male,3,4,4,3,3,4,0,1,3,2,2
1643,Europe,22-39,Male,3,3,4,3,3,1,2,1,4,4,2
1644,North America,22-39,Male,3,4,3,3,2,2,2,4,3,3,2
1645,North America,22-39,Male,4,4,4,4,2,3,3,4,4,4,2
1646,North America,22-39,Female,2,4,3,2,2,3,3,3,2,1,2
1647,North America,Under 22,Female,3,4,3,4,3,4,1,3,2,3,2
1648,North America,Under 22,Male,4,3,4,2,3,3,4,0,4,1,2
1649,Europe,22-39,Female,4,4,4,3,2,2,4,3,4,4,0
1650,North America,39-52,Male,4,4,4,3,2,3,1,4,3,3,1
1651,North America,22-39,Female,4,4,4,4,4,2,1,2,3,4,2
1652,North America,22-39,Female,4,3,3,1,3,4,0,3,3,3,2
1653,Australia,52-70,Female,4,4,4,3,1,3,4,4,4,4,1
1654,North America,Under 22,Female,3,4,4,3,1,3,2,2,2,1,1
1655,North America,22-39,Female,4,4,4,4,3,3,1,2,4,3,2
1656,North America,22-39,Male,3,4,4,2,2,3,3,3,4,4,2
1657,Europe,22-39,Male,3,4,3,3,1,2,4,3,3,3,2
1658,North America,52-70,Male,3,3,4,4,2,3,2,1,3,2,2
1659,North America,22-39,Female,1,4,3,1,0,4,0,3,4,2,1
1660,North America,39-52,Male,3,4,4,4,2,3,3,3,4,1,2
1661,North America,22-39,Male,4,4,4,3,4,3,3,3,4,4,2
1662,Europe,22-39,Female,3,4,4,3,2,3,2,4,4,3,1
1663,North America,22-39,Male,4,4,4,2,1,3,3,3,4,3,2
1664,North America,52-70,Male,1,2,3,1,1,3,2,3,3,1,1
1665,North America,22-39,Male,4,4,4,4,3,4,4,4,4,3,1
1666,Europe,22-39,Female,4,4,4,3,1,2,2,3,2,0,1
1667,Europe,52-70,Female,4,4,4,4,3,3,1,1,4,4,2
1668,North America,22-39,Female,3,3,3,3,1,4,2,3,3,3,2
1669,North America,52-70,Male,3,3,2,3,1,4,4,4,2,2,2
1670,North America,22-39,Male,4,4,4,4,4,3,2,2,4,4,2
1671,North America,39-52,Male,4,4,4,3,1,2,3,2,3,2,1
1672,North America,22-39,Female,4,4,4,4,0,3,2,2,4,4,1
1673,Europe,Under 22,Female,2,3,2,0,0,4,1,4,3,0,1
1674,Europe,22-39,Male,4,3,4,3,3,4,3,3,4,3,1
1675,North America,22-39,Female,4,4,4,3,1,3,2,4,3,2,2
1676,North America,22-39,Male,3,4,4,2,2,4,3,4,4,4,1
1677,Europe,Under 22,Male,4,4,4,4,3,3,4,1,4,4,2
1678,Europe,22-39,Male,4,4,4,4,3,3,1,3,4,4,2
1679,Asia,52-70,Female,3,4,3,4,2,2,3,4,4,2,2
1680,Asia,22-39,Female,2,3,3,3,2,4,4,4,2,2,2
1681,North America,22-39,Female,4,4,4,4,2,3,0,4,3,1,2
1682,North America,22-39,Female,4,4,4,4,3,3,3,4,4,4,1
1683,North America,22-39,Female,4,4,4,4,3,4,3,4,3,3,2
1684,North America,22-39,Male,4,4,4,3,2,4,3,4,4,4,2
1685,North America,22-39,Female,3,4,2,4,2,3,3,3,4,4,2
1686,Asia,22-39,Male,4,3,3,4,0,3,4,4,2,2,0
1687,Europe,22-39,Female,2,3,3,2,1,3,2,2,2,0,1
1688,Europe,22-39,Male,4,4,3,3,3,2,3,1,3,1,2
1689,Europe,Under 22,Male,3,4,4,3,0,2,2,3,3,1,1
1690,Asia,39-52,Male,1,3,3,3,1,2,2,3,3,1,1
1691,North America,22-39,Female,4,4,4,0,3,4,3,4,4,4,2
1692,Europe,Under 22,Male,3,3,4,3,3,3,1,4,3,3,2
1693,North America,52-70,Female,4,4,4,4,4,4,4,4,4,4,2
1694,North America,22-39,Male,3,4,4,4,2,3,4,4,4,3,2
1695,Europe,39-52,Female,4,4,4,2,2,4,4,3,4,4,2
1696,North America,22-39,Female,3,4,4,4,2,2,4,4,4,4,1
1697,Europe,22-39,Female,2,3,3,1,1,3,2,3,2,2,1
1698,North America,22-39,Female,0,4,3,3,2,4,0,4,3,3,0
1699,Europe,Under 22,Male,3,3,3,2,2,2,1,2,3,3,2
1700,Europe,22-39,Male,3,4,3,3,3,2,1,3,4,3,2
1701,North America,22-39,Female,3,3,4,3,2,2,1,3,3,3,2
1702,Europe,22-39,Female,3,4,3,3,3,2,3,4,4,4,2
1703,Europe,39-52,Female,4,4,4,4,0,3,4,4,4,4,2
1704,Europe,Under 22,Male,4,4,4,3,4,4,4,3,3,4,2
1705,North America,22-39,Male,3,4,4,4,3,3,2,3,4,3,1
1706,North America,22-39,Female,4,4,4,3,1,3,1,4,3,3,2
1707,Australia,22-39,Female,2,3,4,2,1,3,3,3,2,3,1
1708,North America,22-39,Female,4,4,4,3,2,3,3,3,3,3,2
1709,North America,22-39,Female,4,4,4,4,3,2,2,2,3,3,2
1710,Europe,52-70,Female,4,4,4,4,2,1,1,4,4,4,2
1711,North America,Under 22,Female,4,4,4,4,4,4,2,3,4,4,2
1712,North America,Under 22,Female,4,3,4,3,2,3,1,3,4,4,2
1713,Australia,Under 22,Female,3,4,4,3,4,3,1,3,4,4,2
1714,North America,52-70,Female,4,4,4,4,1,4,3,3,4,3,1
1715,Europe,52-70,Female,3,3,3,3,1,3,4,4,4,3,1
1716,North America,22-39,Female,2,4,4,4,1,3,1,3,3,2,2
1717,North America,Under 22,Female,3,3,3,1,2,2,3,2,3,3,2
1718,North America,Under 22,Female,3,2,4,2,2,4,4,4,4,4,2
1719,North America,22-39,Female,4,4,4,4,3,4,3,3,3,3,2
1720,Europe,22-39,Female,3,4,4,3,3,4,2,4,3,2,2
1721,North America,22-39,Male,3,3,3,2,2,2,2,3,3,1,2
1722,North America,22-39,Female,3,4,4,3,1,3,2,4,4,2,2
1723,North America,22-39,Female,4,4,3,2,2,3,1,4,4,2,1
1724,Europe,22-39,Female,2,4,3,3,1,3,1,4,1,1,1
1725,Europe,22-39,Female,4,4,4,2,3,4,3,1,3,3,2
1726,North America,22-39,Female,2,4,4,4,3,3,2,2,4,3,1
1727,North America,22-39,Female,4,4,4,3,2,3,1,3,4,4,2
1728,North America,Under 22,Female,4,4,4,3,2,2,2,3,2,2,2
1729,North America,Under 22,Female,3,3,3,3,2,3,1,4,3,3,2
1730,North America,Under 22,Female,4,4,4,3,2,4,1,4,4,4,2
1731,North America,22-39,Female,3,3,2,3,1,3,2,4,3,1,1
1732,North America,22-39,Male,3,3,3,2,1,3,2,4,2,1,1
1733,North America,22-39,Female,4,4,4,4,3,4,4,4,4,3,2
1734,Europe,Under 22,Male,4,4,4,2,4,0,0,0,4,4,2
1735,North America,22-39,Female,3,4,3,3,2,4,1,1,3,3,2
1736,North America,22-39,Female,4,4,4,3,4,3,3,3,4,4,2
1737,North America,22-39,Female,4,4,4,3,3,4,4,2,4,4,2
1738,North America,22-39,Female,4,3,3,2,3,4,4,3,3,3,2
1739,North America,22-39,Female,4,4,4,3,1,3,2,4,3,4,2
1740,North America,Under 22,Female,2,3,3,3,0,2,2,4,3,0,1
1741,North America,22-39,Male,3,4,4,3,2,3,2,2,4,4,2
1742,North America,22-39,Female,4,4,4,3,2,3,2,3,4,3,2
1743,Europe,22-39,Female,4,4,4,4,3,3,2,3,4,4,2
1744,North America,Under 22,Female,3,2,3,2,1,4,4,4,3,2,2
1745,South America,22-39,Male,4,4,4,4,1,3,2,3,1,1,1
1746,North America,22-39,Male,4,4,4,3,2,2,2,2,4,3,1
1747,Europe,Under 22,Female,3,3,3,3,2,3,2,3,2,1,2
1748,North America,Under 22,Female,3,3,3,3,2,2,2,3,2,2,2
1749,North America,22-39,Female,3,3,4,2,1,3,4,3,2,1,1
1750,Europe,22-39,Female,3,3,3,2,3,2,3,1,3,3,2
1751,North America,22-39,Female,4,4,4,4,2,3,4,2,4,3,2
1752,North America,Under 22,Female,2,3,3,3,0,4,3,3,2,2,2
1753,North America,Under 22,Male,3,4,4,3,3,1,0,1,4,4,2
1754,Europe,Under 22,Female,0,4,3,3,1,3,3,3,3,3,1
1755,Europe,39-52,Female,4,4,4,2,3,3,1,3,4,4,2
1756,Europe,22-39,Female,4,4,4,3,3,3,3,3,4,4,2
1757,Europe,Under 22,Female,2,2,2,3,1,3,2,2,3,2,1
1758,Asia,Under 22,Male,4,4,4,3,1,3,1,2,3,4,2
1759,Europe,39-52,Female,2,4,3,3,1,2,2,3,2,2,2
1760,North America,Under 22,Female,1,3,3,1,1,4,4,3,3,3,2
1761,North America,39-52,Female,4,4,4,3,1,3,3,3,3,3,2
1762,North America,22-39,Female,1,2,3,2,1,2,3,2,1,1,1
1763,Europe,22-39,Female,3,3,3,3,3,4,3,3,2,1,2
1764,Asia,22-39,Female,3,3,3,2,3,3,4,4,4,3,2
1765,North America,22-39,Female,2,3,3,3,0,3,1,2,2,1,1
1766,North America,Under 22,Female,3,4,4,2,2,3,2,3,3,3,2
1767,North America,52-70,Female,4,4,3,3,1,3,2,2,4,3,2
1768,North America,22-39,Female,2,3,3,3,1,3,1,1,2,3,2
1769,Australia,22-39,Female,4,3,4,4,4,2,3,4,4,4,2
1770,North America,Under 22,Female,4,4,4,4,3,3,2,4,4,4,2
1771,Australia,22-39,Female,4,4,4,3,4,3,0,1,4,4,2
1772,Europe,52-70,Female,4,3,3,2,1,3,2,2,4,4,2
1773,North America,Under 22,Female,1,4,3,3,0,4,2,4,4,0,1
1774,North America,22-39,Female,4,0,4,2,3,2,0,1,4,4,2
1775,Europe,22-39,Female,4,3,3,3,3,3,4,4,4,4,2
1776,Europe,22-39,Female,3,4,4,3,4,3,2,3,3,3,2
1777,North America,22-39,Female,4,4,4,4,3,4,2,4,4,4,2
1778,North America,Under 22,Female,3,3,3,4,1,2,2,4,3,2,1
1779,Australia,Under 22,Female,4,4,3,0,1,2,4,3,3,2,2
1780,Europe,Under 22,Female,3,4,3,3,1,3,2,4,3,4,1
1781,Europe,22-39,Female,4,4,4,4,3,3,3,4,4,3,2
1782,North America,Under 22,Female,3,3,4,3,4,4,4,4,2,2,2
1783,Europe,Under 22,Female,3,4,4,2,3,4,2,4,3,4,2
1784,North America,Under 22,Female,2,3,3,2,0,4,2,4,2,0,1
1785,North America,22-39,Female,2,3,3,2,2,3,4,3,4,3,2
1786,North America,22-39,Female,3,3,3,2,1,3,1,4,3,2,2
1787,North America,Under 22,Female,4,4,4,4,1,3,2,4,4,3,1
1788,North America,22-39,Female,4,4,4,4,2,4,4,4,4,4,2
1789,Europe,22-39,Female,4,4,4,3,2,3,4,3,4,3,2
1790,Europe,39-52,Female,3,3,3,3,2,3,2,3,3,3,2
1791,Europe,22-39,Female,3,4,4,3,2,2,2,3,4,3,2
1792,Europe,39-52,Female,3,4,4,2,1,3,0,4,3,3,2
1793,Europe,22-39,Female,4,4,4,4,2,3,4,3,4,3,2
1794,Europe,Under 22,Female,3,4,4,4,2,3,4,4,3,4,2
1795,Europe,22-39,Female,2,4,1,2,4,2,0,4,0,3,2
1796,North America,22-39,Female,4,4,3,3,2,3,1,3,3,3,2
1797,North America,22-39,Female,4,4,4,3,2,2,1,3,4,2,2
1798,North America,Under 22,Female,4,4,4,3,2,3,4,3,4,4,1
1799,North America,22-39,Female,4,3,4,3,1,4,3,4,4,3,2
1800,North America,22-39,Female,3,2,3,0,1,3,0,3,2,3,2
1801,North America,52-70,Female,3,4,4,4,2,2,1,2,2,3,2
1802,North America,22-39,Female,3,4,3,3,2,2,4,4,4,0,2
1803,Europe,22-39,Female,3,3,3,3,2,3,2,1,4,3,2
1804,North America,22-39,Female,3,4,3,3,1,4,1,4,3,3,2
1805,Europe,Under 22,Female,4,3,4,4,2,3,2,2,4,2,1
1806,Europe,39-52,Female,4,4,3,3,1,3,3,3,3,3,1
1807,North America,52-70,Female,3,3,4,4,0,3,2,2,3,1,1
1808,South America,22-39,Female,2,4,3,3,2,3,3,3,4,2,1
1809,North America,22-39,Female,3,4,4,2,3,3,1,4,3,2,2
1810,North America,22-39,Female,4,4,4,4,3,4,3,3,4,4,2
1811,Europe,22-39,Female,3,4,4,3,3,2,2,4,4,3,2
1812,Europe,22-39,Female,0,3,2,3,0,3,2,2,0,0,1
1813,North America,22-39,Female,4,4,4,2,3,4,1,3,4,4,2
1814,Europe,Under 22,Female,2,4,4,4,3,3,4,4,3,3,1
1815,North America,Under 22,Female,3,4,3,4,1,3,2,3,3,3,2
1816,Europe,Under 22,Female,4,4,4,3,2,3,1,3,4,4,2
1817,Europe,Under 22,Female,3,4,3,2,4,3,1,4,2,3,2
1818,North America,22-39,Female,3,4,3,3,3,3,0,1,3,2,2
1819,North America,Under 22,Female,2,3,3,3,1,3,1,2,4,2,1
1820,North America,Under 22,Female,4,4,4,4,3,4,1,4,4,4,2
1821,Europe,22-39,Female,4,3,4,3,2,2,2,2,3,1,2
1822,North America,39-52,Female,3,3,3,4,1,4,4,4,2,1,1
1823,North America,22-39,Female,4,4,4,4,3,2,0,1,4,4,2
1824,North America,22-39,Female,3,3,3,2,1,2,3,3,3,2,1
1825,North America,Under 22,Female,3,3,3,3,1,3,2,2,2,1,1
1826,Europe,39-52,Female,4,4,4,4,3,3,4,3,4,2,0
1827,Europe,22-39,Female,4,3,3,3,2,2,2,3,3,3,2
1828,Europe,Under 22,Female,4,3,3,2,3,3,4,2,2,3,2
1829,Europe,22-39,Female,4,4,4,4,3,4,1,3,3,2,2
1830,North America,22-39,Female,4,4,3,3,4,3,4,4,4,3,0
1831,North America,39-52,Female,2,4,4,4,0,4,2,4,4,2,1
1832,North America,Under 22,Female,2,4,4,4,1,3,0,4,4,1,0
1833,Europe,22-39,Female,3,2,4,3,3,2,1,4,3,3,2
1834,North America,22-39,Female,1,3,2,2,0,4,3,4,3,1,1
1835,Europe,22-39,Female,3,3,3,2,1,4,3,3,3,3,2
1836,Europe,22-39,Female,1,3,3,2,1,4,3,4,2,1,2
1837,North America,Under 22,Female,3,4,4,3,2,3,4,3,4,4,2
1838,Asia,22-39,Female,4,2,4,2,2,2,1,3,3,1,2
1839,North America,Under 22,Female,3,3,3,3,2,4,4,3,4,4,2
1840,North America,22-39,Female,3,4,3,3,4,3,3,3,3,2,2
1841,North America,22-39,Female,4,4,4,3,2,4,2,4,3,4,2
1842,North America,Under 22,Female,3,3,3,3,1,3,1,4,3,1,1
1843,North America,22-39,Female,3,4,4,3,3,3,2,0,4,3,2
1844,Europe,22-39,Female,3,4,3,0,1,3,4,4,4,4,2
1845,Europe,22-39,Female,3,4,3,4,3,4,3,1,2,3,2
1846,North America,Under 22,Female,2,3,4,2,2,3,3,3,2,2,2
1847,North America,22-39,Female,4,4,4,3,1,4,2,2,4,4,2
1848,Australia,22-39,Male,3,4,3,1,1,3,2,3,3,2,1
1849,Europe,Under 22,Female,4,4,4,3,2,4,1,3,3,3,2
1850,North America,22-39,Female,3,4,4,3,1,3,0,4,3,1,2
1851,Europe,22-39,Male,3,3,4,3,1,4,2,3,2,2,2
1852,Europe,Under 22,Female,4,4,4,2,4,2,2,1,4,4,2
1853,North America,22-39,Female,3,4,3,3,0,4,2,4,3,3,1
1854,North America,Under 22,Female,3,4,3,2,2,3,4,1,4,4,2
1855,North America,Under 22,Female,3,3,3,4,1,3,2,1,3,1,2
1856,Asia,Under 22,Female,3,4,3,3,2,3,3,3,2,3,1
1857,Australia,22-39,Female,2,3,3,3,3,3,3,3,2,2,2
1858,Europe,22-39,Female,4,4,4,4,3,2,2,3,4,4,2
1859,Europe,Under 22,Female,4,4,4,2,4,4,3,4,3,4,2
1860,Europe,22-39,Female,3,3,2,2,1,2,2,1,3,2,2
1861,North America,22-39,Female,4,4,4,4,2,3,3,3,4,2,2
1862,Europe,22-39,Female,3,3,3,2,2,2,4,2,3,3,2
1863,Europe,Under 22,Female,3,4,4,2,3,3,4,3,4,4,2
1864,Europe,22-39,Female,3,4,4,2,3,4,1,2,2,1,2
1865,Europe,Under 22,Female,2,3,3,4,0,3,1,4,3,2,1
1866,Europe,39-52,Female,4,4,4,3,4,3,1,1,4,4,2
1867,North America,39-52,Female,3,4,4,4,2,4,4,3,3,2,2
1868,North America,22-39,Female,3,3,3,3,1,3,2,4,3,2,2
1869,Europe,22-39,Female,4,4,4,4,2,4,2,3,4,4,2
1870,North America,22-39,Female,3,3,4,4,2,3,4,2,4,3,2
1871,Europe,Under 22,Female,3,4,4,1,0,3,4,4,4,2,0
1872,Europe,22-39,Female,3,4,3,3,3,3,2,3,4,3,2
1873,North America,22-39,Female,3,4,3,2,3,3,1,4,2,3,2
1874,North America,Under 22,Female,3,4,3,3,1,1,3,4,2,2,2
1875,North America,22-39,Female,2,3,3,3,2,4,2,3,3,1,1
1876,North America,22-39,Female,4,3,4,3,0,3,3,3,3,2,1
1877,North America,22-39,Female,4,4,4,4,1,4,4,3,3,3,2
